document,domain,source_family,label,shared_variant_index,KL,NLL,delta_NLL_ref,late_KL,p99_KL,top1pct_KL,max_KL,top1_agreement,negative_KL_roundoff_count
TEST_NEW__code__agronholm__anyio__0,code,agronholm/anyio,s0:DW_OS4x2,0,0.0349178908656721,1.3265568377665407,0.028343579645838644,0.029462624981757796,0.22050218421585255,0.3382947536728824,0.6511168830638037,0.9474747474747475,0
TEST_NEW__code__agronholm__anyio__0,code,agronholm/anyio,s1:DW_POOL_R8,0,0.0349178908656721,1.3265568377665407,0.028343579645838644,0.029462624981757796,0.22050218421585255,0.3382947536728824,0.6511168830638037,0.9474747474747475,0
TEST_NEW__code__agronholm__anyio__0,code,agronholm/anyio,s2:DW_OS4x2,0,0.0349178908656721,1.3265568377665407,0.028343579645838644,0.029462624981757796,0.22050218421585255,0.3382947536728824,0.6511168830638037,0.9474747474747475,0
TEST_NEW__code__agronholm__anyio__0,code,agronholm/anyio,s0:DW_POOL_R8,1,0.036299276746168244,1.3220522008157958,0.023838942695094078,0.030004188158889427,0.24802876348702313,0.5170004147938886,0.7238904591664986,0.9454545454545454,0
TEST_NEW__code__agronholm__anyio__0,code,agronholm/anyio,s0:B_OUTDIAG_POOL_R8,2,0.03176644685224005,1.3267968152401888,0.028583557119487204,0.026619713746796808,0.26766466711230563,0.3525659606336361,0.5241012197333949,0.9454545454545454,0
TEST_NEW__code__agronholm__anyio__0,code,agronholm/anyio,s0:B_OUTDIAG_OS4x2,2,0.03176644685224005,1.3267968152401888,0.028583557119487204,0.026619713746796808,0.26766466711230563,0.3525659606336361,0.5241012197333949,0.9454545454545454,0
TEST_NEW__code__agronholm__anyio__0,code,agronholm/anyio,s1:DW_OS4x2,2,0.03176644685224005,1.3267968152401888,0.028583557119487204,0.026619713746796808,0.26766466711230563,0.3525659606336361,0.5241012197333949,0.9454545454545454,0
TEST_NEW__code__agronholm__anyio__0,code,agronholm/anyio,s1:B_OUTDIAG_POOL_R8,2,0.03176644685224005,1.3267968152401888,0.028583557119487204,0.026619713746796808,0.26766466711230563,0.3525659606336361,0.5241012197333949,0.9454545454545454,0
TEST_NEW__code__agronholm__anyio__0,code,agronholm/anyio,s1:B_OUTDIAG_OS4x2,2,0.03176644685224005,1.3267968152401888,0.028583557119487204,0.026619713746796808,0.26766466711230563,0.3525659606336361,0.5241012197333949,0.9454545454545454,0
TEST_NEW__code__agronholm__anyio__0,code,agronholm/anyio,s2:B_OUTDIAG_POOL_R8,2,0.03176644685224005,1.3267968152401888,0.028583557119487204,0.026619713746796808,0.26766466711230563,0.3525659606336361,0.5241012197333949,0.9454545454545454,0
TEST_NEW__code__agronholm__anyio__0,code,agronholm/anyio,s2:B_OUTDIAG_OS4x2,2,0.03176644685224005,1.3267968152401888,0.028583557119487204,0.026619713746796808,0.26766466711230563,0.3525659606336361,0.5241012197333949,0.9454545454545454,0
TEST_NEW__code__agronholm__anyio__0,code,agronholm/anyio,s2:DW_POOL_R8,3,0.036089395654169514,1.323423474538836,0.025210216418134312,0.02953685459691137,0.2376751294987091,0.48007556871689533,0.8015257641449491,0.9393939393939394,0
TEST_NEW__code__agronholm__anyio__0,code,agronholm/anyio,ALL_LOW,4,0.05025690096261931,1.3325017684537728,0.03428851033307097,0.03764869017441054,0.43685844018169345,0.7722015158614546,1.031801948904799,0.9171717171717172,0
TEST_NEW__code__agronholm__anyio__0,code,agronholm/anyio,ALL_HIGH,5,0.0036501721114151594,1.3004696596504774,0.0022564015297756005,0.0031364868688443094,0.03503296843197761,0.042672466639203134,0.057778636994582855,0.9797979797979798,0
TEST_NEW__code__agronholm__anyio__1,code,agronholm/anyio,s0:DW_OS4x2,0,0.030612965893238805,1.6052091964685278,0.033673359482234586,0.02896904451200215,0.23267138188425415,0.29052093021543257,0.32331855834685813,0.9151515151515152,0
TEST_NEW__code__agronholm__anyio__1,code,agronholm/anyio,s1:DW_POOL_R8,0,0.030612965893238805,1.6052091964685278,0.033673359482234586,0.02896904451200215,0.23267138188425415,0.29052093021543257,0.32331855834685813,0.9151515151515152,0
TEST_NEW__code__agronholm__anyio__1,code,agronholm/anyio,s2:DW_OS4x2,0,0.030612965893238805,1.6052091964685278,0.033673359482234586,0.02896904451200215,0.23267138188425415,0.29052093021543257,0.32331855834685813,0.9151515151515152,0
TEST_NEW__code__agronholm__anyio__1,code,agronholm/anyio,s0:DW_POOL_R8,1,0.03242901857204707,1.6026991987587018,0.031163361772408728,0.02763219907235023,0.20941596713679134,0.40678979655557707,0.5506202339845985,0.9232323232323232,0
TEST_NEW__code__agronholm__anyio__1,code,agronholm/anyio,s0:B_OUTDIAG_POOL_R8,2,0.02838862487437737,1.6095552848789458,0.03801944789265271,0.02434323699007619,0.19660604751685065,0.3467964052911404,0.7727864986296219,0.9151515151515152,0
TEST_NEW__code__agronholm__anyio__1,code,agronholm/anyio,s0:B_OUTDIAG_OS4x2,2,0.02838862487437737,1.6095552848789458,0.03801944789265271,0.02434323699007619,0.19660604751685065,0.3467964052911404,0.7727864986296219,0.9151515151515152,0
TEST_NEW__code__agronholm__anyio__1,code,agronholm/anyio,s1:DW_OS4x2,2,0.02838862487437737,1.6095552848789458,0.03801944789265271,0.02434323699007619,0.19660604751685065,0.3467964052911404,0.7727864986296219,0.9151515151515152,0
TEST_NEW__code__agronholm__anyio__1,code,agronholm/anyio,s1:B_OUTDIAG_POOL_R8,2,0.02838862487437737,1.6095552848789458,0.03801944789265271,0.02434323699007619,0.19660604751685065,0.3467964052911404,0.7727864986296219,0.9151515151515152,0
TEST_NEW__code__agronholm__anyio__1,code,agronholm/anyio,s1:B_OUTDIAG_OS4x2,2,0.02838862487437737,1.6095552848789458,0.03801944789265271,0.02434323699007619,0.19660604751685065,0.3467964052911404,0.7727864986296219,0.9151515151515152,0
TEST_NEW__code__agronholm__anyio__1,code,agronholm/anyio,s2:B_OUTDIAG_POOL_R8,2,0.02838862487437737,1.6095552848789458,0.03801944789265271,0.02434323699007619,0.19660604751685065,0.3467964052911404,0.7727864986296219,0.9151515151515152,0
TEST_NEW__code__agronholm__anyio__1,code,agronholm/anyio,s2:B_OUTDIAG_OS4x2,2,0.02838862487437737,1.6095552848789458,0.03801944789265271,0.02434323699007619,0.19660604751685065,0.3467964052911404,0.7727864986296219,0.9151515151515152,0
TEST_NEW__code__agronholm__anyio__1,code,agronholm/anyio,s2:DW_POOL_R8,3,0.030769938364512264,1.5984347516611856,0.026898914674892707,0.0268130437167559,0.24156270783975767,0.38930978339948724,0.6592509159897291,0.9292929292929293,0
TEST_NEW__code__agronholm__anyio__1,code,agronholm/anyio,ALL_LOW,4,0.0453561882172319,1.6139075439926003,0.04237170700630693,0.03657116653920247,0.37135562707968156,0.521839871270528,0.8314284343795664,0.9111111111111111,0
TEST_NEW__code__agronholm__anyio__1,code,agronholm/anyio,ALL_HIGH,5,0.003664194220526482,1.5723950541104748,0.0008592171241814982,0.00332721511540106,0.029391627922662287,0.03345822122124241,0.037893702321906066,0.9858585858585859,0
TEST_NEW__code__beetbox__beets__0,code,beetbox/beets,s0:DW_OS4x2,0,0.028106707652517146,1.915521820822264,0.008956974800274154,0.026130010141770108,0.19281076007349046,0.2265995503193265,0.25611634613243717,0.9454545454545454,0
TEST_NEW__code__beetbox__beets__0,code,beetbox/beets,s1:DW_POOL_R8,0,0.028106707652517146,1.915521820822264,0.008956974800274154,0.026130010141770108,0.19281076007349046,0.2265995503193265,0.25611634613243717,0.9454545454545454,0
TEST_NEW__code__beetbox__beets__0,code,beetbox/beets,s2:DW_OS4x2,0,0.028106707652517146,1.915521820822264,0.008956974800274154,0.026130010141770108,0.19281076007349046,0.2265995503193265,0.25611634613243717,0.9454545454545454,0
TEST_NEW__code__beetbox__beets__0,code,beetbox/beets,s0:DW_POOL_R8,1,0.029534442997524862,1.922761080585271,0.016196234563281214,0.022859848028268896,0.2073186948116176,0.3214915052613292,0.47596953365208927,0.9232323232323232,0
TEST_NEW__code__beetbox__beets__0,code,beetbox/beets,s0:B_OUTDIAG_POOL_R8,2,0.02843268520640175,1.9274105878731467,0.020845741851156827,0.022744699556297456,0.1779985009830555,0.30781320666896994,0.7300820689206582,0.9353535353535354,0
TEST_NEW__code__beetbox__beets__0,code,beetbox/beets,s0:B_OUTDIAG_OS4x2,2,0.02843268520640175,1.9274105878731467,0.020845741851156827,0.022744699556297456,0.1779985009830555,0.30781320666896994,0.7300820689206582,0.9353535353535354,0
TEST_NEW__code__beetbox__beets__0,code,beetbox/beets,s1:DW_OS4x2,2,0.02843268520640175,1.9274105878731467,0.020845741851156827,0.022744699556297456,0.1779985009830555,0.30781320666896994,0.7300820689206582,0.9353535353535354,0
TEST_NEW__code__beetbox__beets__0,code,beetbox/beets,s1:B_OUTDIAG_POOL_R8,2,0.02843268520640175,1.9274105878731467,0.020845741851156827,0.022744699556297456,0.1779985009830555,0.30781320666896994,0.7300820689206582,0.9353535353535354,0
TEST_NEW__code__beetbox__beets__0,code,beetbox/beets,s1:B_OUTDIAG_OS4x2,2,0.02843268520640175,1.9274105878731467,0.020845741851156827,0.022744699556297456,0.1779985009830555,0.30781320666896994,0.7300820689206582,0.9353535353535354,0
TEST_NEW__code__beetbox__beets__0,code,beetbox/beets,s2:B_OUTDIAG_POOL_R8,2,0.02843268520640175,1.9274105878731467,0.020845741851156827,0.022744699556297456,0.1779985009830555,0.30781320666896994,0.7300820689206582,0.9353535353535354,0
TEST_NEW__code__beetbox__beets__0,code,beetbox/beets,s2:B_OUTDIAG_OS4x2,2,0.02843268520640175,1.9274105878731467,0.020845741851156827,0.022744699556297456,0.1779985009830555,0.30781320666896994,0.7300820689206582,0.9353535353535354,0
TEST_NEW__code__beetbox__beets__0,code,beetbox/beets,s2:DW_POOL_R8,3,0.02790458809631068,1.9187996176780127,0.012234771656022866,0.022396431611411288,0.1948894957202254,0.2783207701279872,0.45385822699975037,0.9272727272727272,0
TEST_NEW__code__beetbox__beets__0,code,beetbox/beets,ALL_LOW,4,0.04102455949713158,1.9393101011525478,0.03274525513055786,0.033249756974588145,0.26897854226247125,0.35491586038129175,0.47640199288683566,0.9090909090909091,0
TEST_NEW__code__beetbox__beets__0,code,beetbox/beets,ALL_HIGH,5,0.004225907182515377,1.9021429111312933,-0.00442193489069646,0.003223662376063118,0.024895710264724723,0.03978032894787389,0.06423668095162752,0.9616161616161616,0
TEST_NEW__code__beetbox__beets__1,code,beetbox/beets,s0:DW_OS4x2,0,0.030796819505267317,1.8485287551828353,0.024412730887751543,0.02958436221598188,0.20451000283653537,0.2972334413299359,0.541615270508178,0.9232323232323232,0
TEST_NEW__code__beetbox__beets__1,code,beetbox/beets,s1:DW_POOL_R8,0,0.030796819505267317,1.8485287551828353,0.024412730887751543,0.02958436221598188,0.20451000283653537,0.2972334413299359,0.541615270508178,0.9232323232323232,0
TEST_NEW__code__beetbox__beets__1,code,beetbox/beets,s2:DW_OS4x2,0,0.030796819505267317,1.8485287551828353,0.024412730887751543,0.02958436221598188,0.20451000283653537,0.2972334413299359,0.541615270508178,0.9232323232323232,0
TEST_NEW__code__beetbox__beets__1,code,beetbox/beets,s0:DW_POOL_R8,1,0.027790175412512195,1.8547560899397182,0.03064006564463483,0.023946060471456875,0.21392461998891482,0.26972346994232554,0.31307191995374756,0.9171717171717172,0
TEST_NEW__code__beetbox__beets__1,code,beetbox/beets,s0:B_OUTDIAG_POOL_R8,2,0.03176136336013271,1.8660805346509504,0.04196451035586658,0.031148063931010116,0.26007694144817184,0.4291453152629517,0.6993284006773692,0.9292929292929293,0
TEST_NEW__code__beetbox__beets__1,code,beetbox/beets,s0:B_OUTDIAG_OS4x2,2,0.03176136336013271,1.8660805346509504,0.04196451035586658,0.031148063931010116,0.26007694144817184,0.4291453152629517,0.6993284006773692,0.9292929292929293,0
TEST_NEW__code__beetbox__beets__1,code,beetbox/beets,s1:DW_OS4x2,2,0.03176136336013271,1.8660805346509504,0.04196451035586658,0.031148063931010116,0.26007694144817184,0.4291453152629517,0.6993284006773692,0.9292929292929293,0
TEST_NEW__code__beetbox__beets__1,code,beetbox/beets,s1:B_OUTDIAG_POOL_R8,2,0.03176136336013271,1.8660805346509504,0.04196451035586658,0.031148063931010116,0.26007694144817184,0.4291453152629517,0.6993284006773692,0.9292929292929293,0
TEST_NEW__code__beetbox__beets__1,code,beetbox/beets,s1:B_OUTDIAG_OS4x2,2,0.03176136336013271,1.8660805346509504,0.04196451035586658,0.031148063931010116,0.26007694144817184,0.4291453152629517,0.6993284006773692,0.9292929292929293,0
TEST_NEW__code__beetbox__beets__1,code,beetbox/beets,s2:B_OUTDIAG_POOL_R8,2,0.03176136336013271,1.8660805346509504,0.04196451035586658,0.031148063931010116,0.26007694144817184,0.4291453152629517,0.6993284006773692,0.9292929292929293,0
TEST_NEW__code__beetbox__beets__1,code,beetbox/beets,s2:B_OUTDIAG_OS4x2,2,0.03176136336013271,1.8660805346509504,0.04196451035586658,0.031148063931010116,0.26007694144817184,0.4291453152629517,0.6993284006773692,0.9292929292929293,0
TEST_NEW__code__beetbox__beets__1,code,beetbox/beets,s2:DW_POOL_R8,3,0.0264878461948393,1.85333357895558,0.02921755466049628,0.02459738246800184,0.23362404393973332,0.26292051030614483,0.28566884344433957,0.9191919191919192,0
TEST_NEW__code__beetbox__beets__1,code,beetbox/beets,ALL_LOW,4,0.03785491923929845,1.860487608598654,0.036371584303570285,0.033225904937355326,0.28937041777790284,0.3326027815397155,0.3926749128596071,0.9111111111111111,0
TEST_NEW__code__beetbox__beets__1,code,beetbox/beets,ALL_HIGH,5,0.004124529084561918,1.82391511291535,-0.0002009113797337835,0.00433065108140375,0.022673326808394838,0.027150773825492774,0.03217540005120155,0.9676767676767677,0
TEST_NEW__code__jmespath__jmespath.py__0,code,jmespath/jmespath.py,s0:DW_OS4x2,0,0.01949171241203888,1.054583083815667,0.025526492455959632,0.01856586101745776,0.14238900699682666,0.19777903281797538,0.28834465555582195,0.9595959595959596,0
TEST_NEW__code__jmespath__jmespath.py__0,code,jmespath/jmespath.py,s1:DW_POOL_R8,0,0.01949171241203888,1.054583083815667,0.025526492455959632,0.01856586101745776,0.14238900699682666,0.19777903281797538,0.28834465555582195,0.9595959595959596,0
TEST_NEW__code__jmespath__jmespath.py__0,code,jmespath/jmespath.py,s2:DW_OS4x2,0,0.01949171241203888,1.054583083815667,0.025526492455959632,0.01856586101745776,0.14238900699682666,0.19777903281797538,0.28834465555582195,0.9595959595959596,0
TEST_NEW__code__jmespath__jmespath.py__0,code,jmespath/jmespath.py,s0:DW_POOL_R8,1,0.02046671067937484,1.0373432838830707,0.008286692523363223,0.02153491434729254,0.17650549595286472,0.304959556847084,0.6726227912453264,0.9454545454545454,0
TEST_NEW__code__jmespath__jmespath.py__0,code,jmespath/jmespath.py,s0:B_OUTDIAG_POOL_R8,2,0.021210075168021363,1.0518198827181517,0.022763291358444408,0.021816619140845445,0.14003635674097292,0.303238753831495,0.5455553142375753,0.9434343434343434,0
TEST_NEW__code__jmespath__jmespath.py__0,code,jmespath/jmespath.py,s0:B_OUTDIAG_OS4x2,2,0.021210075168021363,1.0518198827181517,0.022763291358444408,0.021816619140845445,0.14003635674097292,0.303238753831495,0.5455553142375753,0.9434343434343434,0
TEST_NEW__code__jmespath__jmespath.py__0,code,jmespath/jmespath.py,s1:DW_OS4x2,2,0.021210075168021363,1.0518198827181517,0.022763291358444408,0.021816619140845445,0.14003635674097292,0.303238753831495,0.5455553142375753,0.9434343434343434,0
TEST_NEW__code__jmespath__jmespath.py__0,code,jmespath/jmespath.py,s1:B_OUTDIAG_POOL_R8,2,0.021210075168021363,1.0518198827181517,0.022763291358444408,0.021816619140845445,0.14003635674097292,0.303238753831495,0.5455553142375753,0.9434343434343434,0
TEST_NEW__code__jmespath__jmespath.py__0,code,jmespath/jmespath.py,s1:B_OUTDIAG_OS4x2,2,0.021210075168021363,1.0518198827181517,0.022763291358444408,0.021816619140845445,0.14003635674097292,0.303238753831495,0.5455553142375753,0.9434343434343434,0
TEST_NEW__code__jmespath__jmespath.py__0,code,jmespath/jmespath.py,s2:B_OUTDIAG_POOL_R8,2,0.021210075168021363,1.0518198827181517,0.022763291358444408,0.021816619140845445,0.14003635674097292,0.303238753831495,0.5455553142375753,0.9434343434343434,0
TEST_NEW__code__jmespath__jmespath.py__0,code,jmespath/jmespath.py,s2:B_OUTDIAG_OS4x2,2,0.021210075168021363,1.0518198827181517,0.022763291358444408,0.021816619140845445,0.14003635674097292,0.303238753831495,0.5455553142375753,0.9434343434343434,0
TEST_NEW__code__jmespath__jmespath.py__0,code,jmespath/jmespath.py,s2:DW_POOL_R8,3,0.019508685020448124,1.0430758390891972,0.014019247729489906,0.020451071700013094,0.17835535703966465,0.3093745620378884,0.5429437436060927,0.9535353535353536,0
TEST_NEW__code__jmespath__jmespath.py__0,code,jmespath/jmespath.py,ALL_LOW,4,0.02902008427721578,1.0417220375270073,0.012665446167300056,0.029332228417808998,0.22232396789234693,0.3989412410216092,0.8220504112405294,0.9313131313131313,0
TEST_NEW__code__jmespath__jmespath.py__0,code,jmespath/jmespath.py,ALL_HIGH,5,0.002972179466796362,1.0295330537224732,0.0004764623627658303,0.0034040586156616572,0.01828947579181131,0.02523229867357744,0.034869167567269876,0.9818181818181818,0
TEST_NEW__code__jmespath__jmespath.py__1,code,jmespath/jmespath.py,s0:DW_OS4x2,0,0.018848149073021805,0.8411658822400302,0.0028679967768971797,0.02236633274826535,0.15821238010157962,0.22795534172863885,0.40771002189028227,0.9535353535353536,0
TEST_NEW__code__jmespath__jmespath.py__1,code,jmespath/jmespath.py,s1:DW_POOL_R8,0,0.018848149073021805,0.8411658822400302,0.0028679967768971797,0.02236633274826535,0.15821238010157962,0.22795534172863885,0.40771002189028227,0.9535353535353536,0
TEST_NEW__code__jmespath__jmespath.py__1,code,jmespath/jmespath.py,s2:DW_OS4x2,0,0.018848149073021805,0.8411658822400302,0.0028679967768971797,0.02236633274826535,0.15821238010157962,0.22795534172863885,0.40771002189028227,0.9535353535353536,0
TEST_NEW__code__jmespath__jmespath.py__1,code,jmespath/jmespath.py,s0:DW_POOL_R8,1,0.013316379956153115,0.8420619316665005,0.0037640462033673694,0.01138920143086702,0.09247657314988246,0.11021791696407945,0.1410725604412266,0.9494949494949495,0
TEST_NEW__code__jmespath__jmespath.py__1,code,jmespath/jmespath.py,s0:B_OUTDIAG_POOL_R8,2,0.01766608085332534,0.8432860758336829,0.004988190370550011,0.0210569067268986,0.16789000279784133,0.23832140947737218,0.354679823131989,0.9454545454545454,0
TEST_NEW__code__jmespath__jmespath.py__1,code,jmespath/jmespath.py,s0:B_OUTDIAG_OS4x2,2,0.01766608085332534,0.8432860758336829,0.004988190370550011,0.0210569067268986,0.16789000279784133,0.23832140947737218,0.354679823131989,0.9454545454545454,0
TEST_NEW__code__jmespath__jmespath.py__1,code,jmespath/jmespath.py,s1:DW_OS4x2,2,0.01766608085332534,0.8432860758336829,0.004988190370550011,0.0210569067268986,0.16789000279784133,0.23832140947737218,0.354679823131989,0.9454545454545454,0
TEST_NEW__code__jmespath__jmespath.py__1,code,jmespath/jmespath.py,s1:B_OUTDIAG_POOL_R8,2,0.01766608085332534,0.8432860758336829,0.004988190370550011,0.0210569067268986,0.16789000279784133,0.23832140947737218,0.354679823131989,0.9454545454545454,0
TEST_NEW__code__jmespath__jmespath.py__1,code,jmespath/jmespath.py,s1:B_OUTDIAG_OS4x2,2,0.01766608085332534,0.8432860758336829,0.004988190370550011,0.0210569067268986,0.16789000279784133,0.23832140947737218,0.354679823131989,0.9454545454545454,0
TEST_NEW__code__jmespath__jmespath.py__1,code,jmespath/jmespath.py,s2:B_OUTDIAG_POOL_R8,2,0.01766608085332534,0.8432860758336829,0.004988190370550011,0.0210569067268986,0.16789000279784133,0.23832140947737218,0.354679823131989,0.9454545454545454,0
TEST_NEW__code__jmespath__jmespath.py__1,code,jmespath/jmespath.py,s2:B_OUTDIAG_OS4x2,2,0.01766608085332534,0.8432860758336829,0.004988190370550011,0.0210569067268986,0.16789000279784133,0.23832140947737218,0.354679823131989,0.9454545454545454,0
TEST_NEW__code__jmespath__jmespath.py__1,code,jmespath/jmespath.py,s2:DW_POOL_R8,3,0.013057758024849606,0.837997962868172,-0.0002999225949610098,0.011924866709614413,0.08160147143560653,0.11171911036847479,0.1865129096988734,0.9535353535353536,0
TEST_NEW__code__jmespath__jmespath.py__1,code,jmespath/jmespath.py,ALL_LOW,4,0.022900073777010962,0.8440919607034878,0.00579407524035477,0.024471027029240477,0.15876000971584883,0.2669776431969079,0.46498657149722966,0.9474747474747475,0
TEST_NEW__code__jmespath__jmespath.py__1,code,jmespath/jmespath.py,ALL_HIGH,5,0.002973696385865509,0.8363059000358993,-0.0019919854272338095,0.003396772951527713,0.02071579278169478,0.07118317200257837,0.25587907291704154,0.9818181818181818,0
TEST_NEW__code__oauthlib__oauthlib__0,code,oauthlib/oauthlib,s0:DW_OS4x2,0,0.029501449543514417,1.3689471065733272,0.03470926801715485,0.023030745169618783,0.2417745423433598,0.42808239732859865,0.6639896369415359,0.9474747474747475,0
TEST_NEW__code__oauthlib__oauthlib__0,code,oauthlib/oauthlib,s1:DW_POOL_R8,0,0.029501449543514417,1.3689471065733272,0.03470926801715485,0.023030745169618783,0.2417745423433598,0.42808239732859865,0.6639896369415359,0.9474747474747475,0
TEST_NEW__code__oauthlib__oauthlib__0,code,oauthlib/oauthlib,s2:DW_OS4x2,0,0.029501449543514417,1.3689471065733272,0.03470926801715485,0.023030745169618783,0.2417745423433598,0.42808239732859865,0.6639896369415359,0.9474747474747475,0
TEST_NEW__code__oauthlib__oauthlib__0,code,oauthlib/oauthlib,s0:DW_POOL_R8,1,0.03158960252940528,1.3706378873161327,0.03640004875996037,0.01859839630791749,0.23037186334825177,0.7548156052809011,1.8912714001778,0.9373737373737374,0
TEST_NEW__code__oauthlib__oauthlib__0,code,oauthlib/oauthlib,s0:B_OUTDIAG_POOL_R8,2,0.030950774913647845,1.370979589441856,0.03674175088568369,0.022132107145519726,0.30502217448309,0.6273667809202846,1.2305075521497828,0.9454545454545454,0
TEST_NEW__code__oauthlib__oauthlib__0,code,oauthlib/oauthlib,s0:B_OUTDIAG_OS4x2,2,0.030950774913647845,1.370979589441856,0.03674175088568369,0.022132107145519726,0.30502217448309,0.6273667809202846,1.2305075521497828,0.9454545454545454,0
TEST_NEW__code__oauthlib__oauthlib__0,code,oauthlib/oauthlib,s1:DW_OS4x2,2,0.030950774913647845,1.370979589441856,0.03674175088568369,0.022132107145519726,0.30502217448309,0.6273667809202846,1.2305075521497828,0.9454545454545454,0
TEST_NEW__code__oauthlib__oauthlib__0,code,oauthlib/oauthlib,s1:B_OUTDIAG_POOL_R8,2,0.030950774913647845,1.370979589441856,0.03674175088568369,0.022132107145519726,0.30502217448309,0.6273667809202846,1.2305075521497828,0.9454545454545454,0
TEST_NEW__code__oauthlib__oauthlib__0,code,oauthlib/oauthlib,s1:B_OUTDIAG_OS4x2,2,0.030950774913647845,1.370979589441856,0.03674175088568369,0.022132107145519726,0.30502217448309,0.6273667809202846,1.2305075521497828,0.9454545454545454,0
TEST_NEW__code__oauthlib__oauthlib__0,code,oauthlib/oauthlib,s2:B_OUTDIAG_POOL_R8,2,0.030950774913647845,1.370979589441856,0.03674175088568369,0.022132107145519726,0.30502217448309,0.6273667809202846,1.2305075521497828,0.9454545454545454,0
TEST_NEW__code__oauthlib__oauthlib__0,code,oauthlib/oauthlib,s2:B_OUTDIAG_OS4x2,2,0.030950774913647845,1.370979589441856,0.03674175088568369,0.022132107145519726,0.30502217448309,0.6273667809202846,1.2305075521497828,0.9454545454545454,0
TEST_NEW__code__oauthlib__oauthlib__0,code,oauthlib/oauthlib,s2:DW_POOL_R8,3,0.027732130601416247,1.3670380622754679,0.03280022371929557,0.019211310999950843,0.2671564646894829,0.38211832852956185,0.5442751452421155,0.9333333333333333,0
TEST_NEW__code__oauthlib__oauthlib__0,code,oauthlib/oauthlib,ALL_LOW,4,0.03684677594740898,1.3853259589359932,0.05108812037982095,0.027837294444831375,0.2960630251188484,0.44382672075493124,0.5525174440013072,0.9393939393939394,0
TEST_NEW__code__oauthlib__oauthlib__0,code,oauthlib/oauthlib,ALL_HIGH,5,0.004919717407645379,1.3427007123580614,0.008462873801889039,0.003071517304033927,0.024954720915105658,0.15212306581143692,0.6255271196602556,0.9737373737373738,0
TEST_NEW__code__oauthlib__oauthlib__1,code,oauthlib/oauthlib,s0:DW_OS4x2,0,0.023073466578434534,1.6842209524583391,0.03346428117373709,0.02082550443847825,0.13401932134372083,0.16657867020001,0.1927596414998314,0.9171717171717172,0
TEST_NEW__code__oauthlib__oauthlib__1,code,oauthlib/oauthlib,s1:DW_POOL_R8,0,0.023073466578434534,1.6842209524583391,0.03346428117373709,0.02082550443847825,0.13401932134372083,0.16657867020001,0.1927596414998314,0.9171717171717172,0
TEST_NEW__code__oauthlib__oauthlib__1,code,oauthlib/oauthlib,s2:DW_OS4x2,0,0.023073466578434534,1.6842209524583391,0.03346428117373709,0.02082550443847825,0.13401932134372083,0.16657867020001,0.1927596414998314,0.9171717171717172,0
TEST_NEW__code__oauthlib__oauthlib__1,code,oauthlib/oauthlib,s0:DW_POOL_R8,1,0.023576518851433748,1.6811842223113065,0.030427551026704434,0.022888786222618952,0.15152557536077116,0.27917217004717065,0.6365997614366972,0.9373737373737374,0
TEST_NEW__code__oauthlib__oauthlib__1,code,oauthlib/oauthlib,s0:B_OUTDIAG_POOL_R8,2,0.022147094342276526,1.67680243099506,0.026045759710457594,0.020437660902594877,0.13141194778475568,0.15441783575684892,0.17675771207690505,0.9292929292929293,0
TEST_NEW__code__oauthlib__oauthlib__1,code,oauthlib/oauthlib,s0:B_OUTDIAG_OS4x2,2,0.022147094342276526,1.67680243099506,0.026045759710457594,0.020437660902594877,0.13141194778475568,0.15441783575684892,0.17675771207690505,0.9292929292929293,0
TEST_NEW__code__oauthlib__oauthlib__1,code,oauthlib/oauthlib,s1:DW_OS4x2,2,0.022147094342276526,1.67680243099506,0.026045759710457594,0.020437660902594877,0.13141194778475568,0.15441783575684892,0.17675771207690505,0.9292929292929293,0
TEST_NEW__code__oauthlib__oauthlib__1,code,oauthlib/oauthlib,s1:B_OUTDIAG_POOL_R8,2,0.022147094342276526,1.67680243099506,0.026045759710457594,0.020437660902594877,0.13141194778475568,0.15441783575684892,0.17675771207690505,0.9292929292929293,0
TEST_NEW__code__oauthlib__oauthlib__1,code,oauthlib/oauthlib,s1:B_OUTDIAG_OS4x2,2,0.022147094342276526,1.67680243099506,0.026045759710457594,0.020437660902594877,0.13141194778475568,0.15441783575684892,0.17675771207690505,0.9292929292929293,0
TEST_NEW__code__oauthlib__oauthlib__1,code,oauthlib/oauthlib,s2:B_OUTDIAG_POOL_R8,2,0.022147094342276526,1.67680243099506,0.026045759710457594,0.020437660902594877,0.13141194778475568,0.15441783575684892,0.17675771207690505,0.9292929292929293,0
TEST_NEW__code__oauthlib__oauthlib__1,code,oauthlib/oauthlib,s2:B_OUTDIAG_OS4x2,2,0.022147094342276526,1.67680243099506,0.026045759710457594,0.020437660902594877,0.13141194778475568,0.15441783575684892,0.17675771207690505,0.9292929292929293,0
TEST_NEW__code__oauthlib__oauthlib__1,code,oauthlib/oauthlib,s2:DW_POOL_R8,3,0.022441548809308733,1.6783679281524222,0.027611256867819765,0.0210261189943144,0.15893360680768887,0.2009448509508902,0.24222903416485614,0.9353535353535354,0
TEST_NEW__code__oauthlib__oauthlib__1,code,oauthlib/oauthlib,ALL_LOW,4,0.03187724088888507,1.6880495558037436,0.03729288451914139,0.02905244426916252,0.18105915286855467,0.2914075206013307,0.4503101952639397,0.9252525252525252,0
TEST_NEW__code__oauthlib__oauthlib__1,code,oauthlib/oauthlib,ALL_HIGH,5,0.0038208283512174315,1.6535752299797468,0.002818558695144739,0.003430260133148958,0.023683358287889377,0.03090003981061131,0.04859835296588185,0.9656565656565657,0
TEST_NEW__code__pallets__flask__0,code,pallets/flask,s0:DW_OS4x2,0,0.03769457537962,1.1505747959351467,0.048830765889117125,0.03227622728406215,0.3376894065272955,0.5407061138613815,0.6802383445456959,0.9272727272727272,0
TEST_NEW__code__pallets__flask__0,code,pallets/flask,s1:DW_POOL_R8,0,0.03769457537962,1.1505747959351467,0.048830765889117125,0.03227622728406215,0.3376894065272955,0.5407061138613815,0.6802383445456959,0.9272727272727272,0
TEST_NEW__code__pallets__flask__0,code,pallets/flask,s2:DW_OS4x2,0,0.03769457537962,1.1505747959351467,0.048830765889117125,0.03227622728406215,0.3376894065272955,0.5407061138613815,0.6802383445456959,0.9272727272727272,0
TEST_NEW__code__pallets__flask__0,code,pallets/flask,s0:DW_POOL_R8,1,0.04108723049580787,1.1433759750305104,0.041631944984480695,0.03624456113718462,0.36685419633575617,0.7126586582358042,1.098783866305049,0.9313131313131313,0
TEST_NEW__code__pallets__flask__0,code,pallets/flask,s0:B_OUTDIAG_POOL_R8,2,0.031220441475313245,1.1205966923661717,0.01885266232014184,0.02946027989729069,0.3525975788453519,0.40609073713168387,0.46937606748009486,0.9333333333333333,0
TEST_NEW__code__pallets__flask__0,code,pallets/flask,s0:B_OUTDIAG_OS4x2,2,0.031220441475313245,1.1205966923661717,0.01885266232014184,0.02946027989729069,0.3525975788453519,0.40609073713168387,0.46937606748009486,0.9333333333333333,0
TEST_NEW__code__pallets__flask__0,code,pallets/flask,s1:DW_OS4x2,2,0.031220441475313245,1.1205966923661717,0.01885266232014184,0.02946027989729069,0.3525975788453519,0.40609073713168387,0.46937606748009486,0.9333333333333333,0
TEST_NEW__code__pallets__flask__0,code,pallets/flask,s1:B_OUTDIAG_POOL_R8,2,0.031220441475313245,1.1205966923661717,0.01885266232014184,0.02946027989729069,0.3525975788453519,0.40609073713168387,0.46937606748009486,0.9333333333333333,0
TEST_NEW__code__pallets__flask__0,code,pallets/flask,s1:B_OUTDIAG_OS4x2,2,0.031220441475313245,1.1205966923661717,0.01885266232014184,0.02946027989729069,0.3525975788453519,0.40609073713168387,0.46937606748009486,0.9333333333333333,0
TEST_NEW__code__pallets__flask__0,code,pallets/flask,s2:B_OUTDIAG_POOL_R8,2,0.031220441475313245,1.1205966923661717,0.01885266232014184,0.02946027989729069,0.3525975788453519,0.40609073713168387,0.46937606748009486,0.9333333333333333,0
TEST_NEW__code__pallets__flask__0,code,pallets/flask,s2:B_OUTDIAG_OS4x2,2,0.031220441475313245,1.1205966923661717,0.01885266232014184,0.02946027989729069,0.3525975788453519,0.40609073713168387,0.46937606748009486,0.9333333333333333,0
TEST_NEW__code__pallets__flask__0,code,pallets/flask,s2:DW_POOL_R8,3,0.03985939163609391,1.1479838530713629,0.04623982302533329,0.03488558620625409,0.3403635783461171,0.7066305406621105,0.9694713204653833,0.9272727272727272,0
TEST_NEW__code__pallets__flask__0,code,pallets/flask,ALL_LOW,4,0.04958789872224488,1.1591601762615906,0.057416146215560855,0.04417338225829216,0.4067988407522013,0.7439483815628234,1.5622861727009654,0.9232323232323232,0
TEST_NEW__code__pallets__flask__0,code,pallets/flask,ALL_HIGH,5,0.00404301778684331,1.1098443180244641,0.008100287978434317,0.003493877572992308,0.03522044806797911,0.04104070436042829,0.046012371300264004,0.9777777777777777,0
TEST_NEW__code__pallets__flask__1,code,pallets/flask,s0:DW_OS4x2,0,0.031092164193353745,1.1824569174424622,0.04074888543613259,0.02035648851518731,0.3006573800960984,0.5456751099629985,1.1385053632693936,0.9333333333333333,0
TEST_NEW__code__pallets__flask__1,code,pallets/flask,s1:DW_POOL_R8,0,0.031092164193353745,1.1824569174424622,0.04074888543613259,0.02035648851518731,0.3006573800960984,0.5456751099629985,1.1385053632693936,0.9333333333333333,0
TEST_NEW__code__pallets__flask__1,code,pallets/flask,s2:DW_OS4x2,0,0.031092164193353745,1.1824569174424622,0.04074888543613259,0.02035648851518731,0.3006573800960984,0.5456751099629985,1.1385053632693936,0.9333333333333333,0
TEST_NEW__code__pallets__flask__1,code,pallets/flask,s0:DW_POOL_R8,1,0.02969624305906606,1.162693447438824,0.020985415432494346,0.01735054870461074,0.28141261761125863,0.5801585726805237,1.0975866535102268,0.9272727272727272,0
TEST_NEW__code__pallets__flask__1,code,pallets/flask,s0:B_OUTDIAG_POOL_R8,2,0.02582781381875773,1.170302279483202,0.02859424747687267,0.019825793673847528,0.21238573331263513,0.2757432700188974,0.39237923840725347,0.9292929292929293,0
TEST_NEW__code__pallets__flask__1,code,pallets/flask,s0:B_OUTDIAG_OS4x2,2,0.02582781381875773,1.170302279483202,0.02859424747687267,0.019825793673847528,0.21238573331263513,0.2757432700188974,0.39237923840725347,0.9292929292929293,0
TEST_NEW__code__pallets__flask__1,code,pallets/flask,s1:DW_OS4x2,2,0.02582781381875773,1.170302279483202,0.02859424747687267,0.019825793673847528,0.21238573331263513,0.2757432700188974,0.39237923840725347,0.9292929292929293,0
TEST_NEW__code__pallets__flask__1,code,pallets/flask,s1:B_OUTDIAG_POOL_R8,2,0.02582781381875773,1.170302279483202,0.02859424747687267,0.019825793673847528,0.21238573331263513,0.2757432700188974,0.39237923840725347,0.9292929292929293,0
TEST_NEW__code__pallets__flask__1,code,pallets/flask,s1:B_OUTDIAG_OS4x2,2,0.02582781381875773,1.170302279483202,0.02859424747687267,0.019825793673847528,0.21238573331263513,0.2757432700188974,0.39237923840725347,0.9292929292929293,0
TEST_NEW__code__pallets__flask__1,code,pallets/flask,s2:B_OUTDIAG_POOL_R8,2,0.02582781381875773,1.170302279483202,0.02859424747687267,0.019825793673847528,0.21238573331263513,0.2757432700188974,0.39237923840725347,0.9292929292929293,0
TEST_NEW__code__pallets__flask__1,code,pallets/flask,s2:B_OUTDIAG_OS4x2,2,0.02582781381875773,1.170302279483202,0.02859424747687267,0.019825793673847528,0.21238573331263513,0.2757432700188974,0.39237923840725347,0.9292929292929293,0
TEST_NEW__code__pallets__flask__1,code,pallets/flask,s2:DW_POOL_R8,3,0.028501068171897556,1.169343010993007,0.027634978986677293,0.01655718978297395,0.24468244328030075,0.5258931493414455,0.9365813272044309,0.9151515151515152,0
TEST_NEW__code__pallets__flask__1,code,pallets/flask,ALL_LOW,4,0.03892371834344854,1.1916426967537548,0.0499346647474252,0.02398308032450939,0.3640874815732488,0.6059835750155581,1.2126284980923043,0.9191919191919192,0
TEST_NEW__code__pallets__flask__1,code,pallets/flask,ALL_HIGH,5,0.004108191593931064,1.14581845597559,0.0041104239692604065,0.0030854622701803787,0.038335813642327105,0.04901847503293115,0.055249177717828155,0.9696969696969697,0
TEST_NEW__code__paramiko__paramiko__0,code,paramiko/paramiko,s0:DW_OS4x2,0,0.026192048559320332,1.4531508046090467,0.026419598152846693,0.026015778662147472,0.1670984664890227,0.32306622719452915,0.49346841525146495,0.9090909090909091,0
TEST_NEW__code__paramiko__paramiko__0,code,paramiko/paramiko,s1:DW_POOL_R8,0,0.026192048559320332,1.4531508046090467,0.026419598152846693,0.026015778662147472,0.1670984664890227,0.32306622719452915,0.49346841525146495,0.9090909090909091,0
TEST_NEW__code__paramiko__paramiko__0,code,paramiko/paramiko,s2:DW_OS4x2,0,0.026192048559320332,1.4531508046090467,0.026419598152846693,0.026015778662147472,0.1670984664890227,0.32306622719452915,0.49346841525146495,0.9090909090909091,0
TEST_NEW__code__paramiko__paramiko__0,code,paramiko/paramiko,s0:DW_POOL_R8,1,0.026537663113986875,1.4574792856994017,0.03074807924320173,0.025293961233264203,0.2500533304302447,0.3168018946549262,0.4253389899776029,0.907070707070707,0
TEST_NEW__code__paramiko__paramiko__0,code,paramiko/paramiko,s0:B_OUTDIAG_POOL_R8,2,0.026651669796773587,1.4536534800075662,0.026922273551366227,0.028404504127859775,0.2126249257586192,0.3167430158871143,0.47295726896283147,0.907070707070707,0
TEST_NEW__code__paramiko__paramiko__0,code,paramiko/paramiko,s0:B_OUTDIAG_OS4x2,2,0.026651669796773587,1.4536534800075662,0.026922273551366227,0.028404504127859775,0.2126249257586192,0.3167430158871143,0.47295726896283147,0.907070707070707,0
TEST_NEW__code__paramiko__paramiko__0,code,paramiko/paramiko,s1:DW_OS4x2,2,0.026651669796773587,1.4536534800075662,0.026922273551366227,0.028404504127859775,0.2126249257586192,0.3167430158871143,0.47295726896283147,0.907070707070707,0
TEST_NEW__code__paramiko__paramiko__0,code,paramiko/paramiko,s1:B_OUTDIAG_POOL_R8,2,0.026651669796773587,1.4536534800075662,0.026922273551366227,0.028404504127859775,0.2126249257586192,0.3167430158871143,0.47295726896283147,0.907070707070707,0
TEST_NEW__code__paramiko__paramiko__0,code,paramiko/paramiko,s1:B_OUTDIAG_OS4x2,2,0.026651669796773587,1.4536534800075662,0.026922273551366227,0.028404504127859775,0.2126249257586192,0.3167430158871143,0.47295726896283147,0.907070707070707,0
TEST_NEW__code__paramiko__paramiko__0,code,paramiko/paramiko,s2:B_OUTDIAG_POOL_R8,2,0.026651669796773587,1.4536534800075662,0.026922273551366227,0.028404504127859775,0.2126249257586192,0.3167430158871143,0.47295726896283147,0.907070707070707,0
TEST_NEW__code__paramiko__paramiko__0,code,paramiko/paramiko,s2:B_OUTDIAG_OS4x2,2,0.026651669796773587,1.4536534800075662,0.026922273551366227,0.028404504127859775,0.2126249257586192,0.3167430158871143,0.47295726896283147,0.907070707070707,0
TEST_NEW__code__paramiko__paramiko__0,code,paramiko/paramiko,s2:DW_POOL_R8,3,0.025271251388168523,1.4573262773273488,0.030595070871148707,0.02369886583697375,0.25819346858866066,0.29597738134895335,0.31808977061570193,0.9131313131313131,0
TEST_NEW__code__paramiko__paramiko__0,code,paramiko/paramiko,ALL_LOW,4,0.04384009340549669,1.4676251864388397,0.04089397998263956,0.046625719611797,0.3281246123279805,0.816502956404257,2.125494638840418,0.896969696969697,0
TEST_NEW__code__paramiko__paramiko__0,code,paramiko/paramiko,ALL_HIGH,5,0.003713709585987127,1.4366448306853268,0.009913624229127069,0.003278624202123696,0.02513632809677515,0.03721636958180736,0.04547661595055572,0.9575757575757575,0
TEST_NEW__code__paramiko__paramiko__1,code,paramiko/paramiko,s0:DW_OS4x2,0,0.025838787782620817,1.203613031414187,0.03135522395930581,0.03062600283819655,0.22839665194185943,0.5819259127398965,0.9719537832845122,0.9454545454545454,0
TEST_NEW__code__paramiko__paramiko__1,code,paramiko/paramiko,s1:DW_POOL_R8,0,0.025838787782620817,1.203613031414187,0.03135522395930581,0.03062600283819655,0.22839665194185943,0.5819259127398965,0.9719537832845122,0.9454545454545454,0
TEST_NEW__code__paramiko__paramiko__1,code,paramiko/paramiko,s2:DW_OS4x2,0,0.025838787782620817,1.203613031414187,0.03135522395930581,0.03062600283819655,0.22839665194185943,0.5819259127398965,0.9719537832845122,0.9454545454545454,0
TEST_NEW__code__paramiko__paramiko__1,code,paramiko/paramiko,s0:DW_POOL_R8,1,0.03281848608619298,1.2109071012542783,0.03864929379939712,0.03771491676972787,0.5321702019801631,0.725085102167013,1.0036579565333628,0.9494949494949495,0
TEST_NEW__code__paramiko__paramiko__1,code,paramiko/paramiko,s0:B_OUTDIAG_POOL_R8,2,0.025902991242127867,1.2058513508044426,0.0335935433495615,0.03133570976959163,0.4122349184319729,0.5285226136962382,0.715079958724685,0.9494949494949495,0
TEST_NEW__code__paramiko__paramiko__1,code,paramiko/paramiko,s0:B_OUTDIAG_OS4x2,2,0.025902991242127867,1.2058513508044426,0.0335935433495615,0.03133570976959163,0.4122349184319729,0.5285226136962382,0.715079958724685,0.9494949494949495,0
TEST_NEW__code__paramiko__paramiko__1,code,paramiko/paramiko,s1:DW_OS4x2,2,0.025902991242127867,1.2058513508044426,0.0335935433495615,0.03133570976959163,0.4122349184319729,0.5285226136962382,0.715079958724685,0.9494949494949495,0
TEST_NEW__code__paramiko__paramiko__1,code,paramiko/paramiko,s1:B_OUTDIAG_POOL_R8,2,0.025902991242127867,1.2058513508044426,0.0335935433495615,0.03133570976959163,0.4122349184319729,0.5285226136962382,0.715079958724685,0.9494949494949495,0
TEST_NEW__code__paramiko__paramiko__1,code,paramiko/paramiko,s1:B_OUTDIAG_OS4x2,2,0.025902991242127867,1.2058513508044426,0.0335935433495615,0.03133570976959163,0.4122349184319729,0.5285226136962382,0.715079958724685,0.9494949494949495,0
TEST_NEW__code__paramiko__paramiko__1,code,paramiko/paramiko,s2:B_OUTDIAG_POOL_R8,2,0.025902991242127867,1.2058513508044426,0.0335935433495615,0.03133570976959163,0.4122349184319729,0.5285226136962382,0.715079958724685,0.9494949494949495,0
TEST_NEW__code__paramiko__paramiko__1,code,paramiko/paramiko,s2:B_OUTDIAG_OS4x2,2,0.025902991242127867,1.2058513508044426,0.0335935433495615,0.03133570976959163,0.4122349184319729,0.5285226136962382,0.715079958724685,0.9494949494949495,0
TEST_NEW__code__paramiko__paramiko__1,code,paramiko/paramiko,s2:DW_POOL_R8,3,0.03239188332127027,1.211392468374614,0.039134660919732896,0.04046042214958886,0.3928538444912827,0.7822790235727071,1.0152230074740902,0.9555555555555556,0
TEST_NEW__code__paramiko__paramiko__1,code,paramiko/paramiko,ALL_LOW,4,0.03898938287368618,1.2085054107546147,0.03624760329973347,0.0485036764143471,0.4404876352195965,0.7936960351646511,1.0810316374271705,0.9232323232323232,0
TEST_NEW__code__paramiko__paramiko__1,code,paramiko/paramiko,ALL_HIGH,5,0.0039571663711599325,1.1797962594953766,0.007538452040495554,0.004288971460342147,0.04297548273620833,0.09539163976868983,0.17890498833783564,0.98989898989899,0
TEST_NEW__code__pygments__pygments__0,code,pygments/pygments,s0:DW_OS4x2,0,0.032702030442543446,0.9642298980877297,0.031003867296623924,0.015257882550317363,0.28343535242750545,0.41289539867197533,0.4964215396694113,0.9575757575757575,0
TEST_NEW__code__pygments__pygments__0,code,pygments/pygments,s1:DW_POOL_R8,0,0.032702030442543446,0.9642298980877297,0.031003867296623924,0.015257882550317363,0.28343535242750545,0.41289539867197533,0.4964215396694113,0.9575757575757575,0
TEST_NEW__code__pygments__pygments__0,code,pygments/pygments,s2:DW_OS4x2,0,0.032702030442543446,0.9642298980877297,0.031003867296623924,0.015257882550317363,0.28343535242750545,0.41289539867197533,0.4964215396694113,0.9575757575757575,0
TEST_NEW__code__pygments__pygments__0,code,pygments/pygments,s0:DW_POOL_R8,1,0.033166683557973545,0.9623206694990113,0.02909463870790552,0.014109525133025578,0.3633833106115559,0.4719212771550138,0.6613460528478408,0.9636363636363636,0
TEST_NEW__code__pygments__pygments__0,code,pygments/pygments,s0:B_OUTDIAG_POOL_R8,2,0.02862538913544103,0.9664995243407533,0.03327349354964743,0.016418019517858543,0.23749243831046518,0.3012166695192307,0.4037558627649664,0.9454545454545454,0
TEST_NEW__code__pygments__pygments__0,code,pygments/pygments,s0:B_OUTDIAG_OS4x2,2,0.02862538913544103,0.9664995243407533,0.03327349354964743,0.016418019517858543,0.23749243831046518,0.3012166695192307,0.4037558627649664,0.9454545454545454,0
TEST_NEW__code__pygments__pygments__0,code,pygments/pygments,s1:DW_OS4x2,2,0.02862538913544103,0.9664995243407533,0.03327349354964743,0.016418019517858543,0.23749243831046518,0.3012166695192307,0.4037558627649664,0.9454545454545454,0
TEST_NEW__code__pygments__pygments__0,code,pygments/pygments,s1:B_OUTDIAG_POOL_R8,2,0.02862538913544103,0.9664995243407533,0.03327349354964743,0.016418019517858543,0.23749243831046518,0.3012166695192307,0.4037558627649664,0.9454545454545454,0
TEST_NEW__code__pygments__pygments__0,code,pygments/pygments,s1:B_OUTDIAG_OS4x2,2,0.02862538913544103,0.9664995243407533,0.03327349354964743,0.016418019517858543,0.23749243831046518,0.3012166695192307,0.4037558627649664,0.9454545454545454,0
TEST_NEW__code__pygments__pygments__0,code,pygments/pygments,s2:B_OUTDIAG_POOL_R8,2,0.02862538913544103,0.9664995243407533,0.03327349354964743,0.016418019517858543,0.23749243831046518,0.3012166695192307,0.4037558627649664,0.9454545454545454,0
TEST_NEW__code__pygments__pygments__0,code,pygments/pygments,s2:B_OUTDIAG_OS4x2,2,0.02862538913544103,0.9664995243407533,0.03327349354964743,0.016418019517858543,0.23749243831046518,0.3012166695192307,0.4037558627649664,0.9454545454545454,0
TEST_NEW__code__pygments__pygments__0,code,pygments/pygments,s2:DW_POOL_R8,3,0.03269030420109342,0.9628964405796494,0.029670409788543683,0.013172350434696212,0.3436066060030415,0.5120725699366211,0.6444243449210899,0.9636363636363636,0
TEST_NEW__code__pygments__pygments__0,code,pygments/pygments,ALL_LOW,4,0.04272736617989264,0.9708080545906209,0.03758202379951515,0.020036917425406985,0.3464485333054628,0.5730041466770324,0.8297735466905587,0.9535353535353536,0
TEST_NEW__code__pygments__pygments__0,code,pygments/pygments,ALL_HIGH,5,0.004355559116710353,0.9385677624104808,0.005341731619375127,0.002473985764969208,0.037952568200845326,0.09056613224039287,0.1683198720452218,0.9797979797979798,0
TEST_NEW__code__pygments__pygments__1,code,pygments/pygments,s0:DW_OS4x2,0,0.03165882605873263,1.0756961117029924,0.05374593920379163,0.027952129453376683,0.3006080996441907,0.4001287378366083,0.5001096072153641,0.9373737373737374,0
TEST_NEW__code__pygments__pygments__1,code,pygments/pygments,s1:DW_POOL_R8,0,0.03165882605873263,1.0756961117029924,0.05374593920379163,0.027952129453376683,0.3006080996441907,0.4001287378366083,0.5001096072153641,0.9373737373737374,0
TEST_NEW__code__pygments__pygments__1,code,pygments/pygments,s2:DW_OS4x2,0,0.03165882605873263,1.0756961117029924,0.05374593920379163,0.027952129453376683,0.3006080996441907,0.4001287378366083,0.5001096072153641,0.9373737373737374,0
TEST_NEW__code__pygments__pygments__1,code,pygments/pygments,s0:DW_POOL_R8,1,0.029698966521240572,1.0751231006257587,0.053172928126557654,0.026050867385046483,0.24001898465493152,0.34939710867190704,0.41776775564121105,0.9515151515151515,0
TEST_NEW__code__pygments__pygments__1,code,pygments/pygments,s0:B_OUTDIAG_POOL_R8,2,0.02988224438574852,1.0762551750652696,0.054305002566068634,0.030131720259307472,0.2692772091303426,0.3003831953474244,0.32315844839487723,0.9474747474747475,0
TEST_NEW__code__pygments__pygments__1,code,pygments/pygments,s0:B_OUTDIAG_OS4x2,2,0.02988224438574852,1.0762551750652696,0.054305002566068634,0.030131720259307472,0.2692772091303426,0.3003831953474244,0.32315844839487723,0.9474747474747475,0
TEST_NEW__code__pygments__pygments__1,code,pygments/pygments,s1:DW_OS4x2,2,0.02988224438574852,1.0762551750652696,0.054305002566068634,0.030131720259307472,0.2692772091303426,0.3003831953474244,0.32315844839487723,0.9474747474747475,0
TEST_NEW__code__pygments__pygments__1,code,pygments/pygments,s1:B_OUTDIAG_POOL_R8,2,0.02988224438574852,1.0762551750652696,0.054305002566068634,0.030131720259307472,0.2692772091303426,0.3003831953474244,0.32315844839487723,0.9474747474747475,0
TEST_NEW__code__pygments__pygments__1,code,pygments/pygments,s1:B_OUTDIAG_OS4x2,2,0.02988224438574852,1.0762551750652696,0.054305002566068634,0.030131720259307472,0.2692772091303426,0.3003831953474244,0.32315844839487723,0.9474747474747475,0
TEST_NEW__code__pygments__pygments__1,code,pygments/pygments,s2:B_OUTDIAG_POOL_R8,2,0.02988224438574852,1.0762551750652696,0.054305002566068634,0.030131720259307472,0.2692772091303426,0.3003831953474244,0.32315844839487723,0.9474747474747475,0
TEST_NEW__code__pygments__pygments__1,code,pygments/pygments,s2:B_OUTDIAG_OS4x2,2,0.02988224438574852,1.0762551750652696,0.054305002566068634,0.030131720259307472,0.2692772091303426,0.3003831953474244,0.32315844839487723,0.9474747474747475,0
TEST_NEW__code__pygments__pygments__1,code,pygments/pygments,s2:DW_POOL_R8,3,0.0287954104935607,1.072612131713085,0.05066195921388412,0.02468457574097063,0.23528579809272943,0.3531439861328266,0.5320713180824402,0.9434343434343434,0
TEST_NEW__code__pygments__pygments__1,code,pygments/pygments,ALL_LOW,4,0.04431288467979967,1.0835423800482338,0.061592207549032635,0.04428311544604609,0.4297491111023518,0.8021598917698466,1.7204528846299518,0.9373737373737374,0
TEST_NEW__code__pygments__pygments__1,code,pygments/pygments,ALL_HIGH,5,0.004214840872956576,1.0297979495346232,0.007847777035422474,0.0027452948880268974,0.03632811283656291,0.07114616754296088,0.16010318436587956,0.9737373737373738,0
TEST_NEW__code__tqdm__tqdm__0,code,tqdm/tqdm,s0:DW_OS4x2,0,0.019246871518570213,1.3598225090472134,0.014177366709796364,0.017906734725487625,0.11996378934008518,0.1599775464673227,0.19095431615868413,0.9555555555555556,0
TEST_NEW__code__tqdm__tqdm__0,code,tqdm/tqdm,s1:DW_POOL_R8,0,0.019246871518570213,1.3598225090472134,0.014177366709796364,0.017906734725487625,0.11996378934008518,0.1599775464673227,0.19095431615868413,0.9555555555555556,0
TEST_NEW__code__tqdm__tqdm__0,code,tqdm/tqdm,s2:DW_OS4x2,0,0.019246871518570213,1.3598225090472134,0.014177366709796364,0.017906734725487625,0.11996378934008518,0.1599775464673227,0.19095431615868413,0.9555555555555556,0
TEST_NEW__code__tqdm__tqdm__0,code,tqdm/tqdm,s0:DW_POOL_R8,1,0.01922099708833165,1.3662175522355726,0.020572409898155612,0.020175880541279858,0.13023597745081475,0.16614360811488155,0.18890146186087342,0.9454545454545454,0
TEST_NEW__code__tqdm__tqdm__0,code,tqdm/tqdm,s0:B_OUTDIAG_POOL_R8,2,0.01974370721857143,1.3645264092447886,0.018881266907371488,0.019617465718964847,0.13970493422593064,0.17584627568214573,0.25262961700729725,0.9636363636363636,0
TEST_NEW__code__tqdm__tqdm__0,code,tqdm/tqdm,s0:B_OUTDIAG_OS4x2,2,0.01974370721857143,1.3645264092447886,0.018881266907371488,0.019617465718964847,0.13970493422593064,0.17584627568214573,0.25262961700729725,0.9636363636363636,0
TEST_NEW__code__tqdm__tqdm__0,code,tqdm/tqdm,s1:DW_OS4x2,2,0.01974370721857143,1.3645264092447886,0.018881266907371488,0.019617465718964847,0.13970493422593064,0.17584627568214573,0.25262961700729725,0.9636363636363636,0
TEST_NEW__code__tqdm__tqdm__0,code,tqdm/tqdm,s1:B_OUTDIAG_POOL_R8,2,0.01974370721857143,1.3645264092447886,0.018881266907371488,0.019617465718964847,0.13970493422593064,0.17584627568214573,0.25262961700729725,0.9636363636363636,0
TEST_NEW__code__tqdm__tqdm__0,code,tqdm/tqdm,s1:B_OUTDIAG_OS4x2,2,0.01974370721857143,1.3645264092447886,0.018881266907371488,0.019617465718964847,0.13970493422593064,0.17584627568214573,0.25262961700729725,0.9636363636363636,0
TEST_NEW__code__tqdm__tqdm__0,code,tqdm/tqdm,s2:B_OUTDIAG_POOL_R8,2,0.01974370721857143,1.3645264092447886,0.018881266907371488,0.019617465718964847,0.13970493422593064,0.17584627568214573,0.25262961700729725,0.9636363636363636,0
TEST_NEW__code__tqdm__tqdm__0,code,tqdm/tqdm,s2:B_OUTDIAG_OS4x2,2,0.01974370721857143,1.3645264092447886,0.018881266907371488,0.019617465718964847,0.13970493422593064,0.17584627568214573,0.25262961700729725,0.9636363636363636,0
TEST_NEW__code__tqdm__tqdm__0,code,tqdm/tqdm,s2:DW_POOL_R8,3,0.018186736554128346,1.3701210205251073,0.02447587818769027,0.018076669195001942,0.12830914424127993,0.1666597857103827,0.19252522789017162,0.9595959595959596,0
TEST_NEW__code__tqdm__tqdm__0,code,tqdm/tqdm,ALL_LOW,4,0.027102079604475682,1.3716162684105768,0.025971126073159722,0.02645560247751632,0.1806180142284192,0.22671177582128038,0.26857416468528095,0.9494949494949495,0
TEST_NEW__code__tqdm__tqdm__0,code,tqdm/tqdm,ALL_HIGH,5,0.003085426878738514,1.3444068270950837,-0.0012383152423334515,0.0030543849967231127,0.01697097563460723,0.04245390405171728,0.10390675862960594,0.9858585858585859,0
TEST_NEW__code__tqdm__tqdm__1,code,tqdm/tqdm,s0:DW_OS4x2,0,0.024906835627124736,1.1808274111449528,0.019990906558578134,0.024524210010034915,0.17567780009194356,0.26974934816787427,0.4323246343527841,0.9393939393939394,0
TEST_NEW__code__tqdm__tqdm__1,code,tqdm/tqdm,s1:DW_POOL_R8,0,0.024906835627124736,1.1808274111449528,0.019990906558578134,0.024524210010034915,0.17567780009194356,0.26974934816787427,0.4323246343527841,0.9393939393939394,0
TEST_NEW__code__tqdm__tqdm__1,code,tqdm/tqdm,s2:DW_OS4x2,0,0.024906835627124736,1.1808274111449528,0.019990906558578134,0.024524210010034915,0.17567780009194356,0.26974934816787427,0.4323246343527841,0.9393939393939394,0
TEST_NEW__code__tqdm__tqdm__1,code,tqdm/tqdm,s0:DW_POOL_R8,1,0.019979662735594934,1.1690583622487554,0.008221857662380726,0.017760134447491926,0.16457592009483785,0.2481079638219456,0.43463369341547275,0.9515151515151515,0
TEST_NEW__code__tqdm__tqdm__1,code,tqdm/tqdm,s0:B_OUTDIAG_POOL_R8,2,0.022966161579034732,1.1735947153381343,0.012758210751759515,0.02342839251989928,0.181613228789565,0.29456876068648563,0.4650540243422727,0.9474747474747475,0
TEST_NEW__code__tqdm__tqdm__1,code,tqdm/tqdm,s0:B_OUTDIAG_OS4x2,2,0.022966161579034732,1.1735947153381343,0.012758210751759515,0.02342839251989928,0.181613228789565,0.29456876068648563,0.4650540243422727,0.9474747474747475,0
TEST_NEW__code__tqdm__tqdm__1,code,tqdm/tqdm,s1:DW_OS4x2,2,0.022966161579034732,1.1735947153381343,0.012758210751759515,0.02342839251989928,0.181613228789565,0.29456876068648563,0.4650540243422727,0.9474747474747475,0
TEST_NEW__code__tqdm__tqdm__1,code,tqdm/tqdm,s1:B_OUTDIAG_POOL_R8,2,0.022966161579034732,1.1735947153381343,0.012758210751759515,0.02342839251989928,0.181613228789565,0.29456876068648563,0.4650540243422727,0.9474747474747475,0
TEST_NEW__code__tqdm__tqdm__1,code,tqdm/tqdm,s1:B_OUTDIAG_OS4x2,2,0.022966161579034732,1.1735947153381343,0.012758210751759515,0.02342839251989928,0.181613228789565,0.29456876068648563,0.4650540243422727,0.9474747474747475,0
TEST_NEW__code__tqdm__tqdm__1,code,tqdm/tqdm,s2:B_OUTDIAG_POOL_R8,2,0.022966161579034732,1.1735947153381343,0.012758210751759515,0.02342839251989928,0.181613228789565,0.29456876068648563,0.4650540243422727,0.9474747474747475,0
TEST_NEW__code__tqdm__tqdm__1,code,tqdm/tqdm,s2:B_OUTDIAG_OS4x2,2,0.022966161579034732,1.1735947153381343,0.012758210751759515,0.02342839251989928,0.181613228789565,0.29456876068648563,0.4650540243422727,0.9474747474747475,0
TEST_NEW__code__tqdm__tqdm__1,code,tqdm/tqdm,s2:DW_POOL_R8,3,0.020754499328372342,1.169100653818196,0.008264149231821165,0.018389835004012506,0.15593645168209336,0.3134657410910682,0.6949113639185627,0.9454545454545454,0
TEST_NEW__code__tqdm__tqdm__1,code,tqdm/tqdm,ALL_LOW,4,0.034971064342525365,1.1859663962643774,0.025129891678002624,0.031047131025963168,0.258809772643045,0.54617113355421,1.5582189826247193,0.9212121212121213,0
TEST_NEW__code__tqdm__tqdm__1,code,tqdm/tqdm,ALL_HIGH,5,0.0036713535885036686,1.1571546423428205,-0.003681862243554379,0.0033619272310298144,0.026174110034440614,0.041765742127485586,0.0684423078038551,0.9757575757575757,0
TEST_NEW__technical__ansible__ansible-documentation__0,technical,ansible/ansible-documentation,s0:DW_OS4x2,0,0.031018572818313335,1.5734817863359156,0.01641002756663114,0.023141590096634003,0.17600481695895853,0.640394867945172,1.9019256651818224,0.9434343434343434,0
TEST_NEW__technical__ansible__ansible-documentation__0,technical,ansible/ansible-documentation,s1:DW_POOL_R8,0,0.031018572818313335,1.5734817863359156,0.01641002756663114,0.023141590096634003,0.17600481695895853,0.640394867945172,1.9019256651818224,0.9434343434343434,0
TEST_NEW__technical__ansible__ansible-documentation__0,technical,ansible/ansible-documentation,s2:DW_OS4x2,0,0.031018572818313335,1.5734817863359156,0.01641002756663114,0.023141590096634003,0.17600481695895853,0.640394867945172,1.9019256651818224,0.9434343434343434,0
TEST_NEW__technical__ansible__ansible-documentation__0,technical,ansible/ansible-documentation,s0:DW_POOL_R8,1,0.027583522877455604,1.5687297105144384,0.01165795174515348,0.02112243913823335,0.17960624237026268,0.5518856512225485,1.7112056363545738,0.9474747474747475,0
TEST_NEW__technical__ansible__ansible-documentation__0,technical,ansible/ansible-documentation,s0:B_OUTDIAG_POOL_R8,2,0.027594241731225634,1.5636394183726097,0.006567659603324814,0.02252876361328688,0.2617618376036546,0.3500596384130114,0.4275320024512063,0.9454545454545454,0
TEST_NEW__technical__ansible__ansible-documentation__0,technical,ansible/ansible-documentation,s0:B_OUTDIAG_OS4x2,2,0.027594241731225634,1.5636394183726097,0.006567659603324814,0.02252876361328688,0.2617618376036546,0.3500596384130114,0.4275320024512063,0.9454545454545454,0
TEST_NEW__technical__ansible__ansible-documentation__0,technical,ansible/ansible-documentation,s1:DW_OS4x2,2,0.027594241731225634,1.5636394183726097,0.006567659603324814,0.02252876361328688,0.2617618376036546,0.3500596384130114,0.4275320024512063,0.9454545454545454,0
TEST_NEW__technical__ansible__ansible-documentation__0,technical,ansible/ansible-documentation,s1:B_OUTDIAG_POOL_R8,2,0.027594241731225634,1.5636394183726097,0.006567659603324814,0.02252876361328688,0.2617618376036546,0.3500596384130114,0.4275320024512063,0.9454545454545454,0
TEST_NEW__technical__ansible__ansible-documentation__0,technical,ansible/ansible-documentation,s1:B_OUTDIAG_OS4x2,2,0.027594241731225634,1.5636394183726097,0.006567659603324814,0.02252876361328688,0.2617618376036546,0.3500596384130114,0.4275320024512063,0.9454545454545454,0
TEST_NEW__technical__ansible__ansible-documentation__0,technical,ansible/ansible-documentation,s2:B_OUTDIAG_POOL_R8,2,0.027594241731225634,1.5636394183726097,0.006567659603324814,0.02252876361328688,0.2617618376036546,0.3500596384130114,0.4275320024512063,0.9454545454545454,0
TEST_NEW__technical__ansible__ansible-documentation__0,technical,ansible/ansible-documentation,s2:B_OUTDIAG_OS4x2,2,0.027594241731225634,1.5636394183726097,0.006567659603324814,0.02252876361328688,0.2617618376036546,0.3500596384130114,0.4275320024512063,0.9454545454545454,0
TEST_NEW__technical__ansible__ansible-documentation__0,technical,ansible/ansible-documentation,s2:DW_POOL_R8,3,0.02530914533619248,1.5740470480163768,0.0169752892470922,0.0205756930260199,0.1952579945255099,0.3502940846573992,0.5780397782092345,0.9515151515151515,0
TEST_NEW__technical__ansible__ansible-documentation__0,technical,ansible/ansible-documentation,ALL_LOW,4,0.03659457072906824,1.604514794892634,0.04744303612334906,0.031997336942177525,0.29176199005142783,0.4566871984721986,0.6245428732044147,0.9313131313131313,0
TEST_NEW__technical__ansible__ansible-documentation__0,technical,ansible/ansible-documentation,ALL_HIGH,5,0.005768602926787896,1.5485664811766642,-0.008505277592620654,0.0031039577586617563,0.019396820832420714,0.23806043128261084,1.0804115588631331,0.9777777777777777,0
TEST_NEW__technical__ansible__ansible-documentation__1,technical,ansible/ansible-documentation,s0:DW_OS4x2,0,0.027019616680279756,2.0333912545088846,0.043567627608180504,0.026819328045558886,0.17084209918545337,0.23778151638180361,0.3642794144300119,0.898989898989899,0
TEST_NEW__technical__ansible__ansible-documentation__1,technical,ansible/ansible-documentation,s1:DW_POOL_R8,0,0.027019616680279756,2.0333912545088846,0.043567627608180504,0.026819328045558886,0.17084209918545337,0.23778151638180361,0.3642794144300119,0.898989898989899,0
TEST_NEW__technical__ansible__ansible-documentation__1,technical,ansible/ansible-documentation,s2:DW_OS4x2,0,0.027019616680279756,2.0333912545088846,0.043567627608180504,0.026819328045558886,0.17084209918545337,0.23778151638180361,0.3642794144300119,0.898989898989899,0
TEST_NEW__technical__ansible__ansible-documentation__1,technical,ansible/ansible-documentation,s0:DW_POOL_R8,1,0.024502632556418248,2.0334658429549504,0.04364221605424609,0.023670687531824573,0.1859776377906815,0.2391798200558423,0.2803036338357078,0.9030303030303031,0
TEST_NEW__technical__ansible__ansible-documentation__1,technical,ansible/ansible-documentation,s0:B_OUTDIAG_POOL_R8,2,0.025369013851065207,2.0255516487234138,0.03572802182270972,0.024898652176020938,0.13160120962265642,0.2047801812614279,0.28512968248013615,0.9131313131313131,0
TEST_NEW__technical__ansible__ansible-documentation__1,technical,ansible/ansible-documentation,s0:B_OUTDIAG_OS4x2,2,0.025369013851065207,2.0255516487234138,0.03572802182270972,0.024898652176020938,0.13160120962265642,0.2047801812614279,0.28512968248013615,0.9131313131313131,0
TEST_NEW__technical__ansible__ansible-documentation__1,technical,ansible/ansible-documentation,s1:DW_OS4x2,2,0.025369013851065207,2.0255516487234138,0.03572802182270972,0.024898652176020938,0.13160120962265642,0.2047801812614279,0.28512968248013615,0.9131313131313131,0
TEST_NEW__technical__ansible__ansible-documentation__1,technical,ansible/ansible-documentation,s1:B_OUTDIAG_POOL_R8,2,0.025369013851065207,2.0255516487234138,0.03572802182270972,0.024898652176020938,0.13160120962265642,0.2047801812614279,0.28512968248013615,0.9131313131313131,0
TEST_NEW__technical__ansible__ansible-documentation__1,technical,ansible/ansible-documentation,s1:B_OUTDIAG_OS4x2,2,0.025369013851065207,2.0255516487234138,0.03572802182270972,0.024898652176020938,0.13160120962265642,0.2047801812614279,0.28512968248013615,0.9131313131313131,0
TEST_NEW__technical__ansible__ansible-documentation__1,technical,ansible/ansible-documentation,s2:B_OUTDIAG_POOL_R8,2,0.025369013851065207,2.0255516487234138,0.03572802182270972,0.024898652176020938,0.13160120962265642,0.2047801812614279,0.28512968248013615,0.9131313131313131,0
TEST_NEW__technical__ansible__ansible-documentation__1,technical,ansible/ansible-documentation,s2:B_OUTDIAG_OS4x2,2,0.025369013851065207,2.0255516487234138,0.03572802182270972,0.024898652176020938,0.13160120962265642,0.2047801812614279,0.28512968248013615,0.9131313131313131,0
TEST_NEW__technical__ansible__ansible-documentation__1,technical,ansible/ansible-documentation,s2:DW_POOL_R8,3,0.023117335251347727,2.038016627626948,0.048193000726244155,0.02267686351542564,0.133754400014217,0.18056969859967906,0.22959252828576387,0.9131313131313131,0
TEST_NEW__technical__ansible__ansible-documentation__1,technical,ansible/ansible-documentation,ALL_LOW,4,0.037590633076808135,2.0491333132566867,0.05930968635598264,0.03582332656853043,0.2270043721470743,0.3671208299738492,0.5155021237551145,0.8868686868686869,0
TEST_NEW__technical__ansible__ansible-documentation__1,technical,ansible/ansible-documentation,ALL_HIGH,5,0.004188253386042208,1.9900061859931528,0.00018255909244896867,0.003937695171989287,0.01909652817358467,0.025594232485323685,0.04240943005149357,0.9555555555555556,0
TEST_NEW__technical__bokeh__bokeh__0,technical,bokeh/bokeh,s0:DW_OS4x2,0,0.024065237183578118,1.2459917810342296,0.02770384881838177,0.02276732241614099,0.2065588486290303,0.30076198411865007,0.35841283098485566,0.9515151515151515,0
TEST_NEW__technical__bokeh__bokeh__0,technical,bokeh/bokeh,s1:DW_POOL_R8,0,0.024065237183578118,1.2459917810342296,0.02770384881838177,0.02276732241614099,0.2065588486290303,0.30076198411865007,0.35841283098485566,0.9515151515151515,0
TEST_NEW__technical__bokeh__bokeh__0,technical,bokeh/bokeh,s2:DW_OS4x2,0,0.024065237183578118,1.2459917810342296,0.02770384881838177,0.02276732241614099,0.2065588486290303,0.30076198411865007,0.35841283098485566,0.9515151515151515,0
TEST_NEW__technical__bokeh__bokeh__0,technical,bokeh/bokeh,s0:DW_POOL_R8,1,0.021096109268980423,1.226418517940809,0.008130585724961073,0.018793135134963414,0.14964564167339184,0.2688235549693513,0.3442684289355049,0.9616161616161616,0
TEST_NEW__technical__bokeh__bokeh__0,technical,bokeh/bokeh,s0:B_OUTDIAG_POOL_R8,2,0.02534955501232602,1.2389651290692036,0.020677196853356044,0.02320919299804537,0.21010180794777342,0.39156218844017154,0.5941885147645978,0.9595959595959596,0
TEST_NEW__technical__bokeh__bokeh__0,technical,bokeh/bokeh,s0:B_OUTDIAG_OS4x2,2,0.02534955501232602,1.2389651290692036,0.020677196853356044,0.02320919299804537,0.21010180794777342,0.39156218844017154,0.5941885147645978,0.9595959595959596,0
TEST_NEW__technical__bokeh__bokeh__0,technical,bokeh/bokeh,s1:DW_OS4x2,2,0.02534955501232602,1.2389651290692036,0.020677196853356044,0.02320919299804537,0.21010180794777342,0.39156218844017154,0.5941885147645978,0.9595959595959596,0
TEST_NEW__technical__bokeh__bokeh__0,technical,bokeh/bokeh,s1:B_OUTDIAG_POOL_R8,2,0.02534955501232602,1.2389651290692036,0.020677196853356044,0.02320919299804537,0.21010180794777342,0.39156218844017154,0.5941885147645978,0.9595959595959596,0
TEST_NEW__technical__bokeh__bokeh__0,technical,bokeh/bokeh,s1:B_OUTDIAG_OS4x2,2,0.02534955501232602,1.2389651290692036,0.020677196853356044,0.02320919299804537,0.21010180794777342,0.39156218844017154,0.5941885147645978,0.9595959595959596,0
TEST_NEW__technical__bokeh__bokeh__0,technical,bokeh/bokeh,s2:B_OUTDIAG_POOL_R8,2,0.02534955501232602,1.2389651290692036,0.020677196853356044,0.02320919299804537,0.21010180794777342,0.39156218844017154,0.5941885147645978,0.9595959595959596,0
TEST_NEW__technical__bokeh__bokeh__0,technical,bokeh/bokeh,s2:B_OUTDIAG_OS4x2,2,0.02534955501232602,1.2389651290692036,0.020677196853356044,0.02320919299804537,0.21010180794777342,0.39156218844017154,0.5941885147645978,0.9595959595959596,0
TEST_NEW__technical__bokeh__bokeh__0,technical,bokeh/bokeh,s2:DW_POOL_R8,3,0.022067897157948563,1.2319318277401934,0.013643895524345718,0.01970953072454188,0.15427895604372255,0.2938695843693527,0.5745191141114918,0.9575757575757575,0
TEST_NEW__technical__bokeh__bokeh__0,technical,bokeh/bokeh,ALL_LOW,4,0.03127562548434733,1.243830235987527,0.025542303771679202,0.030544212478091255,0.2944709890250149,0.433988762757452,0.5497009496271836,0.9575757575757575,0
TEST_NEW__technical__bokeh__bokeh__0,technical,bokeh/bokeh,ALL_HIGH,5,0.0036762072283118086,1.217920347963857,-0.0003675842519908222,0.0032051337349323413,0.027389022287631157,0.039566499227478555,0.04569007812030178,0.9818181818181818,0
TEST_NEW__technical__bokeh__bokeh__1,technical,bokeh/bokeh,s0:DW_OS4x2,0,0.02557871612372454,1.9275575621597878,0.01623335501339652,0.02624355778589545,0.14879167878264693,0.25211737685213736,0.47869167825191516,0.9292929292929293,0
TEST_NEW__technical__bokeh__bokeh__1,technical,bokeh/bokeh,s1:DW_POOL_R8,0,0.02557871612372454,1.9275575621597878,0.01623335501339652,0.02624355778589545,0.14879167878264693,0.25211737685213736,0.47869167825191516,0.9292929292929293,0
TEST_NEW__technical__bokeh__bokeh__1,technical,bokeh/bokeh,s2:DW_OS4x2,0,0.02557871612372454,1.9275575621597878,0.01623335501339652,0.02624355778589545,0.14879167878264693,0.25211737685213736,0.47869167825191516,0.9292929292929293,0
TEST_NEW__technical__bokeh__bokeh__1,technical,bokeh/bokeh,s0:DW_POOL_R8,1,0.025153192317909752,1.922283839118662,0.010959631972271002,0.025166233219025506,0.1875904163123964,0.2454644281859414,0.2707510515702075,0.9393939393939394,0
TEST_NEW__technical__bokeh__bokeh__1,technical,bokeh/bokeh,s0:B_OUTDIAG_POOL_R8,2,0.02662208746804872,1.9319555806106958,0.0206313734643047,0.027580671056441654,0.15758916564062433,0.3214841234592344,0.7246411527923147,0.9313131313131313,0
TEST_NEW__technical__bokeh__bokeh__1,technical,bokeh/bokeh,s0:B_OUTDIAG_OS4x2,2,0.02662208746804872,1.9319555806106958,0.0206313734643047,0.027580671056441654,0.15758916564062433,0.3214841234592344,0.7246411527923147,0.9313131313131313,0
TEST_NEW__technical__bokeh__bokeh__1,technical,bokeh/bokeh,s1:DW_OS4x2,2,0.02662208746804872,1.9319555806106958,0.0206313734643047,0.027580671056441654,0.15758916564062433,0.3214841234592344,0.7246411527923147,0.9313131313131313,0
TEST_NEW__technical__bokeh__bokeh__1,technical,bokeh/bokeh,s1:B_OUTDIAG_POOL_R8,2,0.02662208746804872,1.9319555806106958,0.0206313734643047,0.027580671056441654,0.15758916564062433,0.3214841234592344,0.7246411527923147,0.9313131313131313,0
TEST_NEW__technical__bokeh__bokeh__1,technical,bokeh/bokeh,s1:B_OUTDIAG_OS4x2,2,0.02662208746804872,1.9319555806106958,0.0206313734643047,0.027580671056441654,0.15758916564062433,0.3214841234592344,0.7246411527923147,0.9313131313131313,0
TEST_NEW__technical__bokeh__bokeh__1,technical,bokeh/bokeh,s2:B_OUTDIAG_POOL_R8,2,0.02662208746804872,1.9319555806106958,0.0206313734643047,0.027580671056441654,0.15758916564062433,0.3214841234592344,0.7246411527923147,0.9313131313131313,0
TEST_NEW__technical__bokeh__bokeh__1,technical,bokeh/bokeh,s2:B_OUTDIAG_OS4x2,2,0.02662208746804872,1.9319555806106958,0.0206313734643047,0.027580671056441654,0.15758916564062433,0.3214841234592344,0.7246411527923147,0.9313131313131313,0
TEST_NEW__technical__bokeh__bokeh__1,technical,bokeh/bokeh,s2:DW_POOL_R8,3,0.024463822842650088,1.9244924031099166,0.013168195963525392,0.024284546927536652,0.13475075934075556,0.19643119196129594,0.27514826062206343,0.9373737373737374,0
TEST_NEW__technical__bokeh__bokeh__1,technical,bokeh/bokeh,ALL_LOW,4,0.035300537806643446,1.93882135280444,0.027497145658048786,0.03513484637481173,0.2358144313673529,0.39488388224838233,0.8567736814602832,0.9212121212121213,0
TEST_NEW__technical__bokeh__bokeh__1,technical,bokeh/bokeh,ALL_HIGH,5,0.004351901571585513,1.9081009783081542,-0.0032232288382367208,0.004379491554317216,0.02133725596231755,0.044551135179795684,0.12985014451050286,0.9737373737373738,0
TEST_NEW__technical__dask__dask__0,technical,dask/dask,s0:DW_OS4x2,0,0.029821958229033618,1.2645228796624515,0.030960107083898784,0.03821895437816777,0.31708878347515856,0.6223555258808708,0.877071898194702,0.9515151515151515,0
TEST_NEW__technical__dask__dask__0,technical,dask/dask,s1:DW_POOL_R8,0,0.029821958229033618,1.2645228796624515,0.030960107083898784,0.03821895437816777,0.31708878347515856,0.6223555258808708,0.877071898194702,0.9515151515151515,0
TEST_NEW__technical__dask__dask__0,technical,dask/dask,s2:DW_OS4x2,0,0.029821958229033618,1.2645228796624515,0.030960107083898784,0.03821895437816777,0.31708878347515856,0.6223555258808708,0.877071898194702,0.9515151515151515,0
TEST_NEW__technical__dask__dask__0,technical,dask/dask,s0:DW_POOL_R8,1,0.03490246159696651,1.2606938206871665,0.027131048108613748,0.04672268474780161,0.35629412054189924,1.003815708660225,1.9174200109022133,0.9494949494949495,0
TEST_NEW__technical__dask__dask__0,technical,dask/dask,s0:B_OUTDIAG_POOL_R8,2,0.030307997121145572,1.2579965665999346,0.024433794021381842,0.03961255545515813,0.33577755348063115,0.7427125557254991,1.0685607369214123,0.9454545454545454,0
TEST_NEW__technical__dask__dask__0,technical,dask/dask,s0:B_OUTDIAG_OS4x2,2,0.030307997121145572,1.2579965665999346,0.024433794021381842,0.03961255545515813,0.33577755348063115,0.7427125557254991,1.0685607369214123,0.9454545454545454,0
TEST_NEW__technical__dask__dask__0,technical,dask/dask,s1:DW_OS4x2,2,0.030307997121145572,1.2579965665999346,0.024433794021381842,0.03961255545515813,0.33577755348063115,0.7427125557254991,1.0685607369214123,0.9454545454545454,0
TEST_NEW__technical__dask__dask__0,technical,dask/dask,s1:B_OUTDIAG_POOL_R8,2,0.030307997121145572,1.2579965665999346,0.024433794021381842,0.03961255545515813,0.33577755348063115,0.7427125557254991,1.0685607369214123,0.9454545454545454,0
TEST_NEW__technical__dask__dask__0,technical,dask/dask,s1:B_OUTDIAG_OS4x2,2,0.030307997121145572,1.2579965665999346,0.024433794021381842,0.03961255545515813,0.33577755348063115,0.7427125557254991,1.0685607369214123,0.9454545454545454,0
TEST_NEW__technical__dask__dask__0,technical,dask/dask,s2:B_OUTDIAG_POOL_R8,2,0.030307997121145572,1.2579965665999346,0.024433794021381842,0.03961255545515813,0.33577755348063115,0.7427125557254991,1.0685607369214123,0.9454545454545454,0
TEST_NEW__technical__dask__dask__0,technical,dask/dask,s2:B_OUTDIAG_OS4x2,2,0.030307997121145572,1.2579965665999346,0.024433794021381842,0.03961255545515813,0.33577755348063115,0.7427125557254991,1.0685607369214123,0.9454545454545454,0
TEST_NEW__technical__dask__dask__0,technical,dask/dask,s2:DW_POOL_R8,3,0.031837397527271695,1.2652620644060397,0.03169929182748691,0.04236548215961732,0.3672215382474221,0.850708282055049,1.4207800504032586,0.9555555555555556,0
TEST_NEW__technical__dask__dask__0,technical,dask/dask,ALL_LOW,4,0.04616958967177153,1.278402870358684,0.04484009778013115,0.06184681464430032,0.5606131256311432,1.2040226368618072,1.6731748510614133,0.9373737373737374,0
TEST_NEW__technical__dask__dask__0,technical,dask/dask,ALL_HIGH,5,0.004906468201464155,1.2352515986253798,0.001688826046826903,0.006187772629671013,0.04320902195851773,0.13456950934224288,0.40619648346275766,0.9777777777777777,0
TEST_NEW__technical__dask__dask__1,technical,dask/dask,s0:DW_OS4x2,0,0.0407864126665361,0.6624027014351432,0.035506223952333986,0.04650953772389609,0.39651164817569506,0.684346195970615,1.2684502249150156,0.9474747474747475,0
TEST_NEW__technical__dask__dask__1,technical,dask/dask,s1:DW_POOL_R8,0,0.0407864126665361,0.6624027014351432,0.035506223952333986,0.04650953772389609,0.39651164817569506,0.684346195970615,1.2684502249150156,0.9474747474747475,0
TEST_NEW__technical__dask__dask__1,technical,dask/dask,s2:DW_OS4x2,0,0.0407864126665361,0.6624027014351432,0.035506223952333986,0.04650953772389609,0.39651164817569506,0.684346195970615,1.2684502249150156,0.9474747474747475,0
TEST_NEW__technical__dask__dask__1,technical,dask/dask,s0:DW_POOL_R8,1,0.04743896827248484,0.686615183751664,0.059718706268854546,0.054049686843743505,0.5037314712218143,0.8519668987937201,1.459043097974097,0.9353535353535354,0
TEST_NEW__technical__dask__dask__1,technical,dask/dask,s0:B_OUTDIAG_POOL_R8,2,0.041375846980138895,0.6621321285227049,0.03523565103989557,0.04752654147856293,0.5614719031432798,0.8690377471314037,1.7726959179208,0.9414141414141414,0
TEST_NEW__technical__dask__dask__1,technical,dask/dask,s0:B_OUTDIAG_OS4x2,2,0.041375846980138895,0.6621321285227049,0.03523565103989557,0.04752654147856293,0.5614719031432798,0.8690377471314037,1.7726959179208,0.9414141414141414,0
TEST_NEW__technical__dask__dask__1,technical,dask/dask,s1:DW_OS4x2,2,0.041375846980138895,0.6621321285227049,0.03523565103989557,0.04752654147856293,0.5614719031432798,0.8690377471314037,1.7726959179208,0.9414141414141414,0
TEST_NEW__technical__dask__dask__1,technical,dask/dask,s1:B_OUTDIAG_POOL_R8,2,0.041375846980138895,0.6621321285227049,0.03523565103989557,0.04752654147856293,0.5614719031432798,0.8690377471314037,1.7726959179208,0.9414141414141414,0
TEST_NEW__technical__dask__dask__1,technical,dask/dask,s1:B_OUTDIAG_OS4x2,2,0.041375846980138895,0.6621321285227049,0.03523565103989557,0.04752654147856293,0.5614719031432798,0.8690377471314037,1.7726959179208,0.9414141414141414,0
TEST_NEW__technical__dask__dask__1,technical,dask/dask,s2:B_OUTDIAG_POOL_R8,2,0.041375846980138895,0.6621321285227049,0.03523565103989557,0.04752654147856293,0.5614719031432798,0.8690377471314037,1.7726959179208,0.9414141414141414,0
TEST_NEW__technical__dask__dask__1,technical,dask/dask,s2:B_OUTDIAG_OS4x2,2,0.041375846980138895,0.6621321285227049,0.03523565103989557,0.04752654147856293,0.5614719031432798,0.8690377471314037,1.7726959179208,0.9414141414141414,0
TEST_NEW__technical__dask__dask__1,technical,dask/dask,s2:DW_POOL_R8,3,0.049471381744333284,0.690695347296051,0.06379886981324163,0.058280812288453575,0.5422175706034261,1.0340771684578471,2.0978775387765376,0.9333333333333333,0
TEST_NEW__technical__dask__dask__1,technical,dask/dask,ALL_LOW,4,0.06371456291303662,0.6955186729960882,0.06862219551327874,0.06494847222154317,0.6860875383901078,1.7143363563628236,2.988795835554019,0.9272727272727272,0
TEST_NEW__technical__dask__dask__1,technical,dask/dask,ALL_HIGH,5,0.0035827245659130237,0.6277994410870272,0.0009029636042179303,0.0034985555305418093,0.04037676794619673,0.048151096173095966,0.062194679426806024,0.9818181818181818,0
TEST_NEW__technical__h5py__h5py__0,technical,h5py/h5py,s0:DW_OS4x2,0,0.03547541815818727,1.5155681743356924,0.03331385422409668,0.03939372966695881,0.3243111925991324,0.5139258392209534,0.8079046826164736,0.9131313131313131,0
TEST_NEW__technical__h5py__h5py__0,technical,h5py/h5py,s1:DW_POOL_R8,0,0.03547541815818727,1.5155681743356924,0.03331385422409668,0.03939372966695881,0.3243111925991324,0.5139258392209534,0.8079046826164736,0.9131313131313131,0
TEST_NEW__technical__h5py__h5py__0,technical,h5py/h5py,s2:DW_OS4x2,0,0.03547541815818727,1.5155681743356924,0.03331385422409668,0.03939372966695881,0.3243111925991324,0.5139258392209534,0.8079046826164736,0.9131313131313131,0
TEST_NEW__technical__h5py__h5py__0,technical,h5py/h5py,s0:DW_POOL_R8,1,0.03351258933233792,1.5163163800280288,0.03406205991643325,0.03801393647265002,0.35160368858545654,0.48944628498401344,0.6165663766147472,0.9313131313131313,0
TEST_NEW__technical__h5py__h5py__0,technical,h5py/h5py,s0:B_OUTDIAG_POOL_R8,2,0.03409392338533602,1.5294489350032017,0.047194614891605896,0.03929473038413874,0.3787327862939726,0.7191832602145318,1.341204720565747,0.9131313131313131,0
TEST_NEW__technical__h5py__h5py__0,technical,h5py/h5py,s0:B_OUTDIAG_OS4x2,2,0.03409392338533602,1.5294489350032017,0.047194614891605896,0.03929473038413874,0.3787327862939726,0.7191832602145318,1.341204720565747,0.9131313131313131,0
TEST_NEW__technical__h5py__h5py__0,technical,h5py/h5py,s1:DW_OS4x2,2,0.03409392338533602,1.5294489350032017,0.047194614891605896,0.03929473038413874,0.3787327862939726,0.7191832602145318,1.341204720565747,0.9131313131313131,0
TEST_NEW__technical__h5py__h5py__0,technical,h5py/h5py,s1:B_OUTDIAG_POOL_R8,2,0.03409392338533602,1.5294489350032017,0.047194614891605896,0.03929473038413874,0.3787327862939726,0.7191832602145318,1.341204720565747,0.9131313131313131,0
TEST_NEW__technical__h5py__h5py__0,technical,h5py/h5py,s1:B_OUTDIAG_OS4x2,2,0.03409392338533602,1.5294489350032017,0.047194614891605896,0.03929473038413874,0.3787327862939726,0.7191832602145318,1.341204720565747,0.9131313131313131,0
TEST_NEW__technical__h5py__h5py__0,technical,h5py/h5py,s2:B_OUTDIAG_POOL_R8,2,0.03409392338533602,1.5294489350032017,0.047194614891605896,0.03929473038413874,0.3787327862939726,0.7191832602145318,1.341204720565747,0.9131313131313131,0
TEST_NEW__technical__h5py__h5py__0,technical,h5py/h5py,s2:B_OUTDIAG_OS4x2,2,0.03409392338533602,1.5294489350032017,0.047194614891605896,0.03929473038413874,0.3787327862939726,0.7191832602145318,1.341204720565747,0.9131313131313131,0
TEST_NEW__technical__h5py__h5py__0,technical,h5py/h5py,s2:DW_POOL_R8,3,0.03477544866978351,1.5188519288563183,0.03659760874472278,0.04070387602917539,0.34442816768854695,0.643888531139525,0.9603567984806477,0.9232323232323232,0
TEST_NEW__technical__h5py__h5py__0,technical,h5py/h5py,ALL_LOW,4,0.054797101218780904,1.5354239424611653,0.05316962234956964,0.0632097027410557,0.5635532490199255,1.594331147969609,3.468551935709268,0.907070707070707,0
TEST_NEW__technical__h5py__h5py__0,technical,h5py/h5py,ALL_HIGH,5,0.004920348118172463,1.4948468807556685,0.012592560644072845,0.005778218401894576,0.03463316310118639,0.12255388859051175,0.3376290044413934,0.9737373737373738,0
TEST_NEW__technical__h5py__h5py__1,technical,h5py/h5py,s0:DW_OS4x2,0,0.02650358227448491,1.9992528742424094,0.024390186299521912,0.024367107328737054,0.1328701509721948,0.22024784295222619,0.3096114031201098,0.9272727272727272,0
TEST_NEW__technical__h5py__h5py__1,technical,h5py/h5py,s1:DW_POOL_R8,0,0.02650358227448491,1.9992528742424094,0.024390186299521912,0.024367107328737054,0.1328701509721948,0.22024784295222619,0.3096114031201098,0.9272727272727272,0
TEST_NEW__technical__h5py__h5py__1,technical,h5py/h5py,s2:DW_OS4x2,0,0.02650358227448491,1.9992528742424094,0.024390186299521912,0.024367107328737054,0.1328701509721948,0.22024784295222619,0.3096114031201098,0.9272727272727272,0
TEST_NEW__technical__h5py__h5py__1,technical,h5py/h5py,s0:DW_POOL_R8,1,0.025296115867098665,1.9923207174471707,0.017458029504283455,0.024154029608620283,0.11565716766459791,0.2789847219483958,0.3614291719160793,0.9272727272727272,0
TEST_NEW__technical__h5py__h5py__1,technical,h5py/h5py,s0:B_OUTDIAG_POOL_R8,2,0.02425713441158906,1.9884929245565437,0.013630236613656418,0.020809598915510336,0.12596829713656205,0.18794109254483135,0.25310149412688504,0.9333333333333333,0
TEST_NEW__technical__h5py__h5py__1,technical,h5py/h5py,s0:B_OUTDIAG_OS4x2,2,0.02425713441158906,1.9884929245565437,0.013630236613656418,0.020809598915510336,0.12596829713656205,0.18794109254483135,0.25310149412688504,0.9333333333333333,0
TEST_NEW__technical__h5py__h5py__1,technical,h5py/h5py,s1:DW_OS4x2,2,0.02425713441158906,1.9884929245565437,0.013630236613656418,0.020809598915510336,0.12596829713656205,0.18794109254483135,0.25310149412688504,0.9333333333333333,0
TEST_NEW__technical__h5py__h5py__1,technical,h5py/h5py,s1:B_OUTDIAG_POOL_R8,2,0.02425713441158906,1.9884929245565437,0.013630236613656418,0.020809598915510336,0.12596829713656205,0.18794109254483135,0.25310149412688504,0.9333333333333333,0
TEST_NEW__technical__h5py__h5py__1,technical,h5py/h5py,s1:B_OUTDIAG_OS4x2,2,0.02425713441158906,1.9884929245565437,0.013630236613656418,0.020809598915510336,0.12596829713656205,0.18794109254483135,0.25310149412688504,0.9333333333333333,0
TEST_NEW__technical__h5py__h5py__1,technical,h5py/h5py,s2:B_OUTDIAG_POOL_R8,2,0.02425713441158906,1.9884929245565437,0.013630236613656418,0.020809598915510336,0.12596829713656205,0.18794109254483135,0.25310149412688504,0.9333333333333333,0
TEST_NEW__technical__h5py__h5py__1,technical,h5py/h5py,s2:B_OUTDIAG_OS4x2,2,0.02425713441158906,1.9884929245565437,0.013630236613656418,0.020809598915510336,0.12596829713656205,0.18794109254483135,0.25310149412688504,0.9333333333333333,0
TEST_NEW__technical__h5py__h5py__1,technical,h5py/h5py,s2:DW_POOL_R8,3,0.02514120430170893,1.9859072228417738,0.011044534898886299,0.022961162544144733,0.15805956721876402,0.2585598839819708,0.2929491162034236,0.9292929292929293,0
TEST_NEW__technical__h5py__h5py__1,technical,h5py/h5py,ALL_LOW,4,0.03606163404872047,1.9975365968475554,0.022673908904668028,0.03324572205831985,0.19353907649769458,0.37408229928955566,0.8070658767326911,0.9131313131313131,0
TEST_NEW__technical__h5py__h5py__1,technical,h5py/h5py,ALL_HIGH,5,0.004276166150402706,1.9769361792642641,0.002073491321376674,0.004224056635469868,0.022924435173605994,0.040871887891603724,0.08627844474521665,0.9636363636363636,0
TEST_NEW__technical__pola-rs__polars__0,technical,pola-rs/polars,s0:DW_OS4x2,0,0.022441165890116504,1.232683653943159,0.0311187291766122,0.019230747593347978,0.1471336216387919,0.2671619506884257,0.5462555246332043,0.9353535353535354,0
TEST_NEW__technical__pola-rs__polars__0,technical,pola-rs/polars,s1:DW_POOL_R8,0,0.022441165890116504,1.232683653943159,0.0311187291766122,0.019230747593347978,0.1471336216387919,0.2671619506884257,0.5462555246332043,0.9353535353535354,0
TEST_NEW__technical__pola-rs__polars__0,technical,pola-rs/polars,s2:DW_OS4x2,0,0.022441165890116504,1.232683653943159,0.0311187291766122,0.019230747593347978,0.1471336216387919,0.2671619506884257,0.5462555246332043,0.9353535353535354,0
TEST_NEW__technical__pola-rs__polars__0,technical,pola-rs/polars,s0:DW_POOL_R8,1,0.021902184814170656,1.225992151535319,0.02442722676877261,0.01723240078783453,0.1546316913198635,0.364191826191332,0.6629167495646375,0.9353535353535354,0
TEST_NEW__technical__pola-rs__polars__0,technical,pola-rs/polars,s0:B_OUTDIAG_POOL_R8,2,0.021874928073963535,1.228786869829771,0.027221945063224468,0.017175345003793464,0.14972077110989837,0.36477885986237385,0.6128162347199293,0.9393939393939394,0
TEST_NEW__technical__pola-rs__polars__0,technical,pola-rs/polars,s0:B_OUTDIAG_OS4x2,2,0.021874928073963535,1.228786869829771,0.027221945063224468,0.017175345003793464,0.14972077110989837,0.36477885986237385,0.6128162347199293,0.9393939393939394,0
TEST_NEW__technical__pola-rs__polars__0,technical,pola-rs/polars,s1:DW_OS4x2,2,0.021874928073963535,1.228786869829771,0.027221945063224468,0.017175345003793464,0.14972077110989837,0.36477885986237385,0.6128162347199293,0.9393939393939394,0
TEST_NEW__technical__pola-rs__polars__0,technical,pola-rs/polars,s1:B_OUTDIAG_POOL_R8,2,0.021874928073963535,1.228786869829771,0.027221945063224468,0.017175345003793464,0.14972077110989837,0.36477885986237385,0.6128162347199293,0.9393939393939394,0
TEST_NEW__technical__pola-rs__polars__0,technical,pola-rs/polars,s1:B_OUTDIAG_OS4x2,2,0.021874928073963535,1.228786869829771,0.027221945063224468,0.017175345003793464,0.14972077110989837,0.36477885986237385,0.6128162347199293,0.9393939393939394,0
TEST_NEW__technical__pola-rs__polars__0,technical,pola-rs/polars,s2:B_OUTDIAG_POOL_R8,2,0.021874928073963535,1.228786869829771,0.027221945063224468,0.017175345003793464,0.14972077110989837,0.36477885986237385,0.6128162347199293,0.9393939393939394,0
TEST_NEW__technical__pola-rs__polars__0,technical,pola-rs/polars,s2:B_OUTDIAG_OS4x2,2,0.021874928073963535,1.228786869829771,0.027221945063224468,0.017175345003793464,0.14972077110989837,0.36477885986237385,0.6128162347199293,0.9393939393939394,0
TEST_NEW__technical__pola-rs__polars__0,technical,pola-rs/polars,s2:DW_POOL_R8,3,0.022817388091241474,1.2327098775765744,0.03114495281002774,0.016518101177845898,0.15707805753675846,0.4953136224776625,1.1411701543402468,0.9373737373737374,0
TEST_NEW__technical__pola-rs__polars__0,technical,pola-rs/polars,ALL_LOW,4,0.032284069583192486,1.246917762690172,0.04535283792362535,0.02472793821126955,0.188576819621072,0.6622237679611997,2.392480386244968,0.9353535353535354,0
TEST_NEW__technical__pola-rs__polars__0,technical,pola-rs/polars,ALL_HIGH,5,0.0035756733003012987,1.2033954757419283,0.001830550975381886,0.003300123926784024,0.017842007036924113,0.02834242881935678,0.04539854129096538,0.9797979797979798,0
TEST_NEW__technical__pola-rs__polars__1,technical,pola-rs/polars,s0:DW_OS4x2,0,0.024294336221463934,1.8140655644481514,0.03599364626814647,0.027260322127203664,0.13063125320555127,0.19139543760031213,0.2580329774604081,0.9272727272727272,0
TEST_NEW__technical__pola-rs__polars__1,technical,pola-rs/polars,s1:DW_POOL_R8,0,0.024294336221463934,1.8140655644481514,0.03599364626814647,0.027260322127203664,0.13063125320555127,0.19139543760031213,0.2580329774604081,0.9272727272727272,0
TEST_NEW__technical__pola-rs__polars__1,technical,pola-rs/polars,s2:DW_OS4x2,0,0.024294336221463934,1.8140655644481514,0.03599364626814647,0.027260322127203664,0.13063125320555127,0.19139543760031213,0.2580329774604081,0.9272727272727272,0
TEST_NEW__technical__pola-rs__polars__1,technical,pola-rs/polars,s0:DW_POOL_R8,1,0.02229256990439021,1.8230471549698397,0.04497523678983504,0.026237711900314573,0.18060491228206854,0.3284671203322979,0.5996140059050795,0.9252525252525252,0
TEST_NEW__technical__pola-rs__polars__1,technical,pola-rs/polars,s0:B_OUTDIAG_POOL_R8,2,0.024570763846505705,1.8235048899216855,0.04543297174168096,0.028932805018477607,0.16276181358454653,0.3547563437672129,0.6571377019436654,0.9393939393939394,0
TEST_NEW__technical__pola-rs__polars__1,technical,pola-rs/polars,s0:B_OUTDIAG_OS4x2,2,0.024570763846505705,1.8235048899216855,0.04543297174168096,0.028932805018477607,0.16276181358454653,0.3547563437672129,0.6571377019436654,0.9393939393939394,0
TEST_NEW__technical__pola-rs__polars__1,technical,pola-rs/polars,s1:DW_OS4x2,2,0.024570763846505705,1.8235048899216855,0.04543297174168096,0.028932805018477607,0.16276181358454653,0.3547563437672129,0.6571377019436654,0.9393939393939394,0
TEST_NEW__technical__pola-rs__polars__1,technical,pola-rs/polars,s1:B_OUTDIAG_POOL_R8,2,0.024570763846505705,1.8235048899216855,0.04543297174168096,0.028932805018477607,0.16276181358454653,0.3547563437672129,0.6571377019436654,0.9393939393939394,0
TEST_NEW__technical__pola-rs__polars__1,technical,pola-rs/polars,s1:B_OUTDIAG_OS4x2,2,0.024570763846505705,1.8235048899216855,0.04543297174168096,0.028932805018477607,0.16276181358454653,0.3547563437672129,0.6571377019436654,0.9393939393939394,0
TEST_NEW__technical__pola-rs__polars__1,technical,pola-rs/polars,s2:B_OUTDIAG_POOL_R8,2,0.024570763846505705,1.8235048899216855,0.04543297174168096,0.028932805018477607,0.16276181358454653,0.3547563437672129,0.6571377019436654,0.9393939393939394,0
TEST_NEW__technical__pola-rs__polars__1,technical,pola-rs/polars,s2:B_OUTDIAG_OS4x2,2,0.024570763846505705,1.8235048899216855,0.04543297174168096,0.028932805018477607,0.16276181358454653,0.3547563437672129,0.6571377019436654,0.9393939393939394,0
TEST_NEW__technical__pola-rs__polars__1,technical,pola-rs/polars,s2:DW_POOL_R8,3,0.0225541948166811,1.8202458392118044,0.042173921031799684,0.026773563854011626,0.20531356338108697,0.37476611849803093,0.755085759021073,0.9212121212121213,0
TEST_NEW__technical__pola-rs__polars__1,technical,pola-rs/polars,ALL_LOW,4,0.03308166091217153,1.8350814086729652,0.0570094904929606,0.03813062362474244,0.2218668253756219,0.3203558423461176,0.4294200859616861,0.9171717171717172,0
TEST_NEW__technical__pola-rs__polars__1,technical,pola-rs/polars,ALL_HIGH,5,0.0038122662764840907,1.779419698067481,0.0013477798874762478,0.004637115644920874,0.021832125182716825,0.04314762752522659,0.1096623398799356,0.9656565656565657,0
TEST_NEW__technical__pydata__xarray__0,technical,pydata/xarray,s0:DW_OS4x2,0,0.022520065131995493,0.8986060451476013,0.02064487819961747,0.01910536695390776,0.23959568476109078,0.2732913175958135,0.29036761235882025,0.9636363636363636,0
TEST_NEW__technical__pydata__xarray__0,technical,pydata/xarray,s1:DW_POOL_R8,0,0.022520065131995493,0.8986060451476013,0.02064487819961747,0.01910536695390776,0.23959568476109078,0.2732913175958135,0.29036761235882025,0.9636363636363636,0
TEST_NEW__technical__pydata__xarray__0,technical,pydata/xarray,s2:DW_OS4x2,0,0.022520065131995493,0.8986060451476013,0.02064487819961747,0.01910536695390776,0.23959568476109078,0.2732913175958135,0.29036761235882025,0.9636363636363636,0
TEST_NEW__technical__pydata__xarray__0,technical,pydata/xarray,s0:DW_POOL_R8,1,0.02309224016159617,0.89499205239114,0.017030885443156014,0.017941690682157976,0.24810699170278497,0.33127719633765423,0.4971634383833787,0.9535353535353536,0
TEST_NEW__technical__pydata__xarray__0,technical,pydata/xarray,s0:B_OUTDIAG_POOL_R8,2,0.01944538368553651,0.8968474991751134,0.018886332227129522,0.015871886643440376,0.16587353588518103,0.24989180353788068,0.35823852110528925,0.9656565656565657,0
TEST_NEW__technical__pydata__xarray__0,technical,pydata/xarray,s0:B_OUTDIAG_OS4x2,2,0.01944538368553651,0.8968474991751134,0.018886332227129522,0.015871886643440376,0.16587353588518103,0.24989180353788068,0.35823852110528925,0.9656565656565657,0
TEST_NEW__technical__pydata__xarray__0,technical,pydata/xarray,s1:DW_OS4x2,2,0.01944538368553651,0.8968474991751134,0.018886332227129522,0.015871886643440376,0.16587353588518103,0.24989180353788068,0.35823852110528925,0.9656565656565657,0
TEST_NEW__technical__pydata__xarray__0,technical,pydata/xarray,s1:B_OUTDIAG_POOL_R8,2,0.01944538368553651,0.8968474991751134,0.018886332227129522,0.015871886643440376,0.16587353588518103,0.24989180353788068,0.35823852110528925,0.9656565656565657,0
TEST_NEW__technical__pydata__xarray__0,technical,pydata/xarray,s1:B_OUTDIAG_OS4x2,2,0.01944538368553651,0.8968474991751134,0.018886332227129522,0.015871886643440376,0.16587353588518103,0.24989180353788068,0.35823852110528925,0.9656565656565657,0
TEST_NEW__technical__pydata__xarray__0,technical,pydata/xarray,s2:B_OUTDIAG_POOL_R8,2,0.01944538368553651,0.8968474991751134,0.018886332227129522,0.015871886643440376,0.16587353588518103,0.24989180353788068,0.35823852110528925,0.9656565656565657,0
TEST_NEW__technical__pydata__xarray__0,technical,pydata/xarray,s2:B_OUTDIAG_OS4x2,2,0.01944538368553651,0.8968474991751134,0.018886332227129522,0.015871886643440376,0.16587353588518103,0.24989180353788068,0.35823852110528925,0.9656565656565657,0
TEST_NEW__technical__pydata__xarray__0,technical,pydata/xarray,s2:DW_POOL_R8,3,0.02189810520070432,0.8937888505144361,0.015827683566452175,0.016837325421774033,0.19699762316676636,0.3000747336828229,0.4400396747052875,0.9434343434343434,0
TEST_NEW__technical__pydata__xarray__0,technical,pydata/xarray,ALL_LOW,4,0.03232774487711368,0.9125563928209957,0.034595225873011955,0.025275898182903194,0.37146168846823485,0.4427767257480036,0.48526741272333596,0.9434343434343434,0
TEST_NEW__technical__pydata__xarray__0,technical,pydata/xarray,ALL_HIGH,5,0.0024640317190697198,0.8815162373090102,0.0035550703610263716,0.0017382785579672763,0.020152318685347403,0.02960155852630327,0.039329169134589385,0.9878787878787879,0
TEST_NEW__technical__pydata__xarray__1,technical,pydata/xarray,s0:DW_OS4x2,0,0.03448990931052351,0.9066730378785977,0.04096863262919084,0.02915451459992325,0.2884777452007302,1.1380787026964423,2.755251775599631,0.9414141414141414,0
TEST_NEW__technical__pydata__xarray__1,technical,pydata/xarray,s1:DW_POOL_R8,0,0.03448990931052351,0.9066730378785977,0.04096863262919084,0.02915451459992325,0.2884777452007302,1.1380787026964423,2.755251775599631,0.9414141414141414,0
TEST_NEW__technical__pydata__xarray__1,technical,pydata/xarray,s2:DW_OS4x2,0,0.03448990931052351,0.9066730378785977,0.04096863262919084,0.02915451459992325,0.2884777452007302,1.1380787026964423,2.755251775599631,0.9414141414141414,0
TEST_NEW__technical__pydata__xarray__1,technical,pydata/xarray,s0:DW_POOL_R8,1,0.037099362070229895,0.896799217998045,0.03109481274863803,0.03615096930521209,0.48629921033980505,1.3719463708028687,2.304316448098749,0.9393939393939394,0
TEST_NEW__technical__pydata__xarray__1,technical,pydata/xarray,s0:B_OUTDIAG_POOL_R8,2,0.028273433389931903,0.892544255225561,0.02683984997615406,0.030638088207419978,0.21698531768525134,0.9788489003764154,3.346381679809933,0.9575757575757575,0
TEST_NEW__technical__pydata__xarray__1,technical,pydata/xarray,s0:B_OUTDIAG_OS4x2,2,0.028273433389931903,0.892544255225561,0.02683984997615406,0.030638088207419978,0.21698531768525134,0.9788489003764154,3.346381679809933,0.9575757575757575,0
TEST_NEW__technical__pydata__xarray__1,technical,pydata/xarray,s1:DW_OS4x2,2,0.028273433389931903,0.892544255225561,0.02683984997615406,0.030638088207419978,0.21698531768525134,0.9788489003764154,3.346381679809933,0.9575757575757575,0
TEST_NEW__technical__pydata__xarray__1,technical,pydata/xarray,s1:B_OUTDIAG_POOL_R8,2,0.028273433389931903,0.892544255225561,0.02683984997615406,0.030638088207419978,0.21698531768525134,0.9788489003764154,3.346381679809933,0.9575757575757575,0
TEST_NEW__technical__pydata__xarray__1,technical,pydata/xarray,s1:B_OUTDIAG_OS4x2,2,0.028273433389931903,0.892544255225561,0.02683984997615406,0.030638088207419978,0.21698531768525134,0.9788489003764154,3.346381679809933,0.9575757575757575,0
TEST_NEW__technical__pydata__xarray__1,technical,pydata/xarray,s2:B_OUTDIAG_POOL_R8,2,0.028273433389931903,0.892544255225561,0.02683984997615406,0.030638088207419978,0.21698531768525134,0.9788489003764154,3.346381679809933,0.9575757575757575,0
TEST_NEW__technical__pydata__xarray__1,technical,pydata/xarray,s2:B_OUTDIAG_OS4x2,2,0.028273433389931903,0.892544255225561,0.02683984997615406,0.030638088207419978,0.21698531768525134,0.9788489003764154,3.346381679809933,0.9575757575757575,0
TEST_NEW__technical__pydata__xarray__1,technical,pydata/xarray,s2:DW_POOL_R8,3,0.03472622354033032,0.8938699047372711,0.028165499487864253,0.039234745470572305,0.34935651855205485,1.2293419074096772,3.3512863336547847,0.9414141414141414,0
TEST_NEW__technical__pydata__xarray__1,technical,pydata/xarray,ALL_LOW,4,0.05247033761284337,0.9084215647094831,0.042717159460076204,0.0547443103103194,0.48534997664861784,1.9514981352412542,4.200266819221809,0.9353535353535354,0
TEST_NEW__technical__pydata__xarray__1,technical,pydata/xarray,ALL_HIGH,5,0.0026423950129817308,0.8700138715363751,0.0043094662869682925,0.0022424390558947378,0.022647642388969446,0.037231226368236454,0.06698075360143058,0.9777777777777777,0
TEST_NEW__technical__pydicom__pydicom__0,technical,pydicom/pydicom,s0:DW_OS4x2,0,0.04116044615807795,1.251148976012934,0.04101831404946187,0.04404021162840294,0.4932663829820418,0.6671276324202284,0.8710047603080353,0.9353535353535354,0
TEST_NEW__technical__pydicom__pydicom__0,technical,pydicom/pydicom,s1:DW_POOL_R8,0,0.04116044615807795,1.251148976012934,0.04101831404946187,0.04404021162840294,0.4932663829820418,0.6671276324202284,0.8710047603080353,0.9353535353535354,0
TEST_NEW__technical__pydicom__pydicom__0,technical,pydicom/pydicom,s2:DW_OS4x2,0,0.04116044615807795,1.251148976012934,0.04101831404946187,0.04404021162840294,0.4932663829820418,0.6671276324202284,0.8710047603080353,0.9353535353535354,0
TEST_NEW__technical__pydicom__pydicom__0,technical,pydicom/pydicom,s0:DW_POOL_R8,1,0.0416724254768206,1.2419659260077047,0.03183526404423272,0.04072595880314059,0.4803609537349014,0.6796756191463057,1.0206674630587154,0.9393939393939394,0
TEST_NEW__technical__pydicom__pydicom__0,technical,pydicom/pydicom,s0:B_OUTDIAG_POOL_R8,2,0.033714062246550935,1.2437053090115155,0.03357464704804372,0.02991158532758267,0.2865547781753394,0.4819589206740303,0.7982421924507478,0.9373737373737374,0
TEST_NEW__technical__pydicom__pydicom__0,technical,pydicom/pydicom,s0:B_OUTDIAG_OS4x2,2,0.033714062246550935,1.2437053090115155,0.03357464704804372,0.02991158532758267,0.2865547781753394,0.4819589206740303,0.7982421924507478,0.9373737373737374,0
TEST_NEW__technical__pydicom__pydicom__0,technical,pydicom/pydicom,s1:DW_OS4x2,2,0.033714062246550935,1.2437053090115155,0.03357464704804372,0.02991158532758267,0.2865547781753394,0.4819589206740303,0.7982421924507478,0.9373737373737374,0
TEST_NEW__technical__pydicom__pydicom__0,technical,pydicom/pydicom,s1:B_OUTDIAG_POOL_R8,2,0.033714062246550935,1.2437053090115155,0.03357464704804372,0.02991158532758267,0.2865547781753394,0.4819589206740303,0.7982421924507478,0.9373737373737374,0
TEST_NEW__technical__pydicom__pydicom__0,technical,pydicom/pydicom,s1:B_OUTDIAG_OS4x2,2,0.033714062246550935,1.2437053090115155,0.03357464704804372,0.02991158532758267,0.2865547781753394,0.4819589206740303,0.7982421924507478,0.9373737373737374,0
TEST_NEW__technical__pydicom__pydicom__0,technical,pydicom/pydicom,s2:B_OUTDIAG_POOL_R8,2,0.033714062246550935,1.2437053090115155,0.03357464704804372,0.02991158532758267,0.2865547781753394,0.4819589206740303,0.7982421924507478,0.9373737373737374,0
TEST_NEW__technical__pydicom__pydicom__0,technical,pydicom/pydicom,s2:B_OUTDIAG_OS4x2,2,0.033714062246550935,1.2437053090115155,0.03357464704804372,0.02991158532758267,0.2865547781753394,0.4819589206740303,0.7982421924507478,0.9373737373737374,0
TEST_NEW__technical__pydicom__pydicom__0,technical,pydicom/pydicom,s2:DW_POOL_R8,3,0.037078917860191844,1.2445998374494702,0.0344691754859984,0.03209101440366049,0.4064850061124694,0.44951688279588103,0.46382208947863357,0.9393939393939394,0
TEST_NEW__technical__pydicom__pydicom__0,technical,pydicom/pydicom,ALL_LOW,4,0.0687114515931251,1.2819259423322003,0.0717952803687284,0.07367867507930483,0.855435016595203,1.5593637415343529,2.355129560071668,0.9111111111111111,0
TEST_NEW__technical__pydicom__pydicom__0,technical,pydicom/pydicom,ALL_HIGH,5,0.009749849561416134,1.2093641638055135,-0.0007664981579585217,0.014228950083118757,0.033416764281444265,0.5946030831247995,2.7474495361504916,0.9818181818181818,0
TEST_NEW__technical__pydicom__pydicom__1,technical,pydicom/pydicom,s0:DW_OS4x2,0,0.03989168747133281,1.4876462232310614,0.01883889686374651,0.04542297444540809,0.3318765676672571,0.46728787907919483,0.6142360619752617,0.9232323232323232,0
TEST_NEW__technical__pydicom__pydicom__1,technical,pydicom/pydicom,s1:DW_POOL_R8,0,0.03989168747133281,1.4876462232310614,0.01883889686374651,0.04542297444540809,0.3318765676672571,0.46728787907919483,0.6142360619752617,0.9232323232323232,0
TEST_NEW__technical__pydicom__pydicom__1,technical,pydicom/pydicom,s2:DW_OS4x2,0,0.03989168747133281,1.4876462232310614,0.01883889686374651,0.04542297444540809,0.3318765676672571,0.46728787907919483,0.6142360619752617,0.9232323232323232,0
TEST_NEW__technical__pydicom__pydicom__1,technical,pydicom/pydicom,s0:DW_POOL_R8,1,0.03992792140628675,1.4990149862677469,0.03020765990043187,0.047053838518010066,0.40763483159986064,0.56368252933301,0.7385108182485054,0.9252525252525252,0
TEST_NEW__technical__pydicom__pydicom__1,technical,pydicom/pydicom,s0:B_OUTDIAG_POOL_R8,2,0.04130996952301975,1.4990473868364296,0.030240060469114628,0.04759662760719052,0.37812265169753195,0.7239352008222222,0.9812883174084814,0.9232323232323232,0
TEST_NEW__technical__pydicom__pydicom__1,technical,pydicom/pydicom,s0:B_OUTDIAG_OS4x2,2,0.04130996952301975,1.4990473868364296,0.030240060469114628,0.04759662760719052,0.37812265169753195,0.7239352008222222,0.9812883174084814,0.9232323232323232,0
TEST_NEW__technical__pydicom__pydicom__1,technical,pydicom/pydicom,s1:DW_OS4x2,2,0.04130996952301975,1.4990473868364296,0.030240060469114628,0.04759662760719052,0.37812265169753195,0.7239352008222222,0.9812883174084814,0.9232323232323232,0
TEST_NEW__technical__pydicom__pydicom__1,technical,pydicom/pydicom,s1:B_OUTDIAG_POOL_R8,2,0.04130996952301975,1.4990473868364296,0.030240060469114628,0.04759662760719052,0.37812265169753195,0.7239352008222222,0.9812883174084814,0.9232323232323232,0
TEST_NEW__technical__pydicom__pydicom__1,technical,pydicom/pydicom,s1:B_OUTDIAG_OS4x2,2,0.04130996952301975,1.4990473868364296,0.030240060469114628,0.04759662760719052,0.37812265169753195,0.7239352008222222,0.9812883174084814,0.9232323232323232,0
TEST_NEW__technical__pydicom__pydicom__1,technical,pydicom/pydicom,s2:B_OUTDIAG_POOL_R8,2,0.04130996952301975,1.4990473868364296,0.030240060469114628,0.04759662760719052,0.37812265169753195,0.7239352008222222,0.9812883174084814,0.9232323232323232,0
TEST_NEW__technical__pydicom__pydicom__1,technical,pydicom/pydicom,s2:B_OUTDIAG_OS4x2,2,0.04130996952301975,1.4990473868364296,0.030240060469114628,0.04759662760719052,0.37812265169753195,0.7239352008222222,0.9812883174084814,0.9232323232323232,0
TEST_NEW__technical__pydicom__pydicom__1,technical,pydicom/pydicom,s2:DW_POOL_R8,3,0.03758490879824946,1.4919132573976681,0.023105931030352907,0.04289170523370759,0.30395917478236856,0.44756475778685195,0.702106973361436,0.9151515151515152,0
TEST_NEW__technical__pydicom__pydicom__1,technical,pydicom/pydicom,ALL_LOW,4,0.06239338790187818,1.5038556852430287,0.035048358875713795,0.06798651877889372,0.5437935876885304,0.6860462762625937,0.7865139458269197,0.907070707070707,0
TEST_NEW__technical__pydicom__pydicom__1,technical,pydicom/pydicom,ALL_HIGH,5,0.005444608735642288,1.4771589948664319,0.00835166849911687,0.005675839549898111,0.0332204924805509,0.0834362230907841,0.14343713159888608,0.9777777777777777,0
TEST_NEW__technical__saltstack__salt__0,technical,saltstack/salt,s0:DW_OS4x2,0,0.031187593507022462,2.2320854039842817,0.041899829718660124,0.030302174588397707,0.2235375633673609,0.5911443369226278,1.481674750142967,0.9090909090909091,0
TEST_NEW__technical__saltstack__salt__0,technical,saltstack/salt,s1:DW_POOL_R8,0,0.031187593507022462,2.2320854039842817,0.041899829718660124,0.030302174588397707,0.2235375633673609,0.5911443369226278,1.481674750142967,0.9090909090909091,0
TEST_NEW__technical__saltstack__salt__0,technical,saltstack/salt,s2:DW_OS4x2,0,0.031187593507022462,2.2320854039842817,0.041899829718660124,0.030302174588397707,0.2235375633673609,0.5911443369226278,1.481674750142967,0.9090909090909091,0
TEST_NEW__technical__saltstack__salt__0,technical,saltstack/salt,s0:DW_POOL_R8,1,0.027660787441505335,2.2290104834265936,0.03882490916097197,0.02727293090434762,0.15479592382651597,0.4339786231042465,0.8725689559931079,0.9151515151515152,0
TEST_NEW__technical__saltstack__salt__0,technical,saltstack/salt,s0:B_OUTDIAG_POOL_R8,2,0.027924788699910857,2.225746590368186,0.03556101610256428,0.026900609387639825,0.1464485778310794,0.3583522557291178,0.7945493373439413,0.9171717171717172,0
TEST_NEW__technical__saltstack__salt__0,technical,saltstack/salt,s0:B_OUTDIAG_OS4x2,2,0.027924788699910857,2.225746590368186,0.03556101610256428,0.026900609387639825,0.1464485778310794,0.3583522557291178,0.7945493373439413,0.9171717171717172,0
TEST_NEW__technical__saltstack__salt__0,technical,saltstack/salt,s1:DW_OS4x2,2,0.027924788699910857,2.225746590368186,0.03556101610256428,0.026900609387639825,0.1464485778310794,0.3583522557291178,0.7945493373439413,0.9171717171717172,0
TEST_NEW__technical__saltstack__salt__0,technical,saltstack/salt,s1:B_OUTDIAG_POOL_R8,2,0.027924788699910857,2.225746590368186,0.03556101610256428,0.026900609387639825,0.1464485778310794,0.3583522557291178,0.7945493373439413,0.9171717171717172,0
TEST_NEW__technical__saltstack__salt__0,technical,saltstack/salt,s1:B_OUTDIAG_OS4x2,2,0.027924788699910857,2.225746590368186,0.03556101610256428,0.026900609387639825,0.1464485778310794,0.3583522557291178,0.7945493373439413,0.9171717171717172,0
TEST_NEW__technical__saltstack__salt__0,technical,saltstack/salt,s2:B_OUTDIAG_POOL_R8,2,0.027924788699910857,2.225746590368186,0.03556101610256428,0.026900609387639825,0.1464485778310794,0.3583522557291178,0.7945493373439413,0.9171717171717172,0
TEST_NEW__technical__saltstack__salt__0,technical,saltstack/salt,s2:B_OUTDIAG_OS4x2,2,0.027924788699910857,2.225746590368186,0.03556101610256428,0.026900609387639825,0.1464485778310794,0.3583522557291178,0.7945493373439413,0.9171717171717172,0
TEST_NEW__technical__saltstack__salt__0,technical,saltstack/salt,s2:DW_POOL_R8,3,0.026842707445726817,2.2285684408028548,0.03838286653723317,0.025841334776704878,0.1618187393265674,0.3683331597798359,0.8756980857769329,0.907070707070707,0
TEST_NEW__technical__saltstack__salt__0,technical,saltstack/salt,ALL_LOW,4,0.03695435769529276,2.2434967884657837,0.053311214200162126,0.03908593393554276,0.21225282108692972,0.48593247636067965,0.891416104185166,0.907070707070707,0
TEST_NEW__technical__saltstack__salt__0,technical,saltstack/salt,ALL_HIGH,5,0.004934712089634656,2.1962907344729494,0.006105160207327565,0.004614240389066663,0.030947669179258227,0.11460095724130825,0.3156881065980084,0.9676767676767677,0
TEST_NEW__technical__saltstack__salt__1,technical,saltstack/salt,s0:DW_OS4x2,0,0.024099457223258958,1.9032072470192432,0.004185283092677936,0.020970742723519967,0.13701587968377132,0.23117479055447543,0.4846663009930297,0.9191919191919192,0
TEST_NEW__technical__saltstack__salt__1,technical,saltstack/salt,s1:DW_POOL_R8,0,0.024099457223258958,1.9032072470192432,0.004185283092677936,0.020970742723519967,0.13701587968377132,0.23117479055447543,0.4846663009930297,0.9191919191919192,0
TEST_NEW__technical__saltstack__salt__1,technical,saltstack/salt,s2:DW_OS4x2,0,0.024099457223258958,1.9032072470192432,0.004185283092677936,0.020970742723519967,0.13701587968377132,0.23117479055447543,0.4846663009930297,0.9191919191919192,0
TEST_NEW__technical__saltstack__salt__1,technical,saltstack/salt,s0:DW_POOL_R8,1,0.02259046615242649,1.9126407950722364,0.013618831145671447,0.019552395658316877,0.14047883773439265,0.2843243438842206,0.6159389025395837,0.9333333333333333,0
TEST_NEW__technical__saltstack__salt__1,technical,saltstack/salt,s0:B_OUTDIAG_POOL_R8,2,0.024025834555208386,1.9122569233467706,0.013234959420205366,0.020497178904942494,0.15853748509697893,0.24957872888949256,0.3596495241981714,0.9272727272727272,0
TEST_NEW__technical__saltstack__salt__1,technical,saltstack/salt,s0:B_OUTDIAG_OS4x2,2,0.024025834555208386,1.9122569233467706,0.013234959420205366,0.020497178904942494,0.15853748509697893,0.24957872888949256,0.3596495241981714,0.9272727272727272,0
TEST_NEW__technical__saltstack__salt__1,technical,saltstack/salt,s1:DW_OS4x2,2,0.024025834555208386,1.9122569233467706,0.013234959420205366,0.020497178904942494,0.15853748509697893,0.24957872888949256,0.3596495241981714,0.9272727272727272,0
TEST_NEW__technical__saltstack__salt__1,technical,saltstack/salt,s1:B_OUTDIAG_POOL_R8,2,0.024025834555208386,1.9122569233467706,0.013234959420205366,0.020497178904942494,0.15853748509697893,0.24957872888949256,0.3596495241981714,0.9272727272727272,0
TEST_NEW__technical__saltstack__salt__1,technical,saltstack/salt,s1:B_OUTDIAG_OS4x2,2,0.024025834555208386,1.9122569233467706,0.013234959420205366,0.020497178904942494,0.15853748509697893,0.24957872888949256,0.3596495241981714,0.9272727272727272,0
TEST_NEW__technical__saltstack__salt__1,technical,saltstack/salt,s2:B_OUTDIAG_POOL_R8,2,0.024025834555208386,1.9122569233467706,0.013234959420205366,0.020497178904942494,0.15853748509697893,0.24957872888949256,0.3596495241981714,0.9272727272727272,0
TEST_NEW__technical__saltstack__salt__1,technical,saltstack/salt,s2:B_OUTDIAG_OS4x2,2,0.024025834555208386,1.9122569233467706,0.013234959420205366,0.020497178904942494,0.15853748509697893,0.24957872888949256,0.3596495241981714,0.9272727272727272,0
TEST_NEW__technical__saltstack__salt__1,technical,saltstack/salt,s2:DW_POOL_R8,3,0.02390010601912923,1.9118353315671426,0.012813367640577264,0.019808089497663377,0.16089532383885263,0.3530447383074895,0.6915407735020955,0.9373737373737374,0
TEST_NEW__technical__saltstack__salt__1,technical,saltstack/salt,ALL_LOW,4,0.035293918673319595,1.9049268005139934,0.005904836587428167,0.03037197528477752,0.24603686465403599,0.40035522062096945,0.5784090186937599,0.9030303030303031,0
TEST_NEW__technical__saltstack__salt__1,technical,saltstack/salt,ALL_HIGH,5,0.0037819912506196784,1.8893437748538646,-0.00967818907270061,0.0037343085034361252,0.023420122283149623,0.04361457937982408,0.06892286991250797,0.9797979797979798,0
